Temperature_Internal,Humidity_Internal,Temperature_External,Moisture_A,Moisture_B,Moisture_C,Time
1,1,68,14,0,10,2014-01-22 04:30:12
1,1,68,284,369,281,2014-01-22 04:30:27
1,1,68,12,0,13,2014-01-22 04:30:42
1,1,67.8866,549,616,422,2014-01-22 04:30:57
1,1,67.8866,5,538,397,2014-01-22 04:31:14
1,1,67.6616,54,76,92,2014-01-22 04:33:42
1,1,67.6616,58,43,10,2014-01-22 04:36:28
1,1,24.575,443,102,444,2014-01-30 20:04:26
1,1,24.575,411,539,414,2014-01-30 20:15:18
1,1,24.35,402,345,405,2014-01-30 20:15:57
1,1,24.35,405,341,441,2014-01-30 20:16:21
1,1,24.35,397,271,410,2014-01-30 20:16:48
1,1,24.35,400,205,390,2014-01-30 20:17:19
1,1,24.35,406,253,387,2014-01-30 20:17:48
1,1,24.35,410,752,421,2014-01-30 20:18:18
1,1,24.4634,385,203,396,2014-01-30 20:18:47
1,1,24.4634,379,235,415,2014-01-30 20:19:18
1,1,24.575,412,448,359,2014-01-30 20:19:49
1,1,16.25,546,10,451,2014-02-07 19:45:46
1,1,17.2634,544,17,503,2014-02-07 20:03:24
1,1,17.375,623,32,536,2014-02-07 20:20:57
1,1,15.6884,487,22,478,2014-02-07 20:38:34
1,1,16.1384,516,36,486,2014-02-07 20:56:14
1,1,15.2384,464,17,434,2014-02-07 21:13:47
1,1,15.35,618,32,567,2014-02-07 21:31:27
1,1,0,0,0,0,2014-03-26 13:59:11
1,1,0,0,0,0,2014-03-26 13:59:25
1,1,0,0,0,0,2014-03-26 14:03:26
1,1,0,0,0,0,2014-03-26 14:03:40
1,1,0,0,1023,1023,2014-03-26 14:03:55
1,1,0,0,0,0,2014-04-04 14:40:59
1,1,0,0,0,0,2014-04-04 14:41:14
1,1,0,0,0,0,2014-04-04 14:41:29
1,1,0,0,0,0,2014-04-04 14:41:44
1,1,0,0,0,0,2014-04-04 14:41:59
1,1,0,0,0,0,2014-04-04 14:42:14
1,1,0,0,0,0,2014-04-04 14:42:29
1,1,0,0,0,0,2014-04-04 14:42:44
1,1,0,0,0,0,2014-04-04 14:42:59
1,1,0,0,0,0,2014-04-04 14:43:13
1,1,0,0,0,0,2014-04-04 14:43:29
1,1,0,0,0,0,2014-04-04 14:43:44
1,1,0,0,0,0,2014-04-09 16:41:22
1,1,0,0,0,0,2014-04-09 16:41:34
1,1,0,0,0,0,2014-04-09 16:41:49
1,1,0,0,0,0,2014-04-09 16:42:04
1,1,0,197,43,47,2014-04-14 19:39:50
1,1,0,0,2,12,2014-04-14 19:40:03
1,1,0,88,53,41,2014-04-14 19:40:17
1,1,0,145,90,66,2014-04-14 19:40:30
1,1,0,105,140,148,2014-04-14 19:40:43
1,1,0,235,202,172,2014-04-14 19:40:57
1,1,0,292,267,228,2014-04-14 19:41:10
1,1,0,47,64,74,2014-04-14 19:41:23
1,1,0,207,163,125,2014-04-14 19:41:36
1,1,0,279,241,210,2014-04-14 19:41:50
1,1,0,252,256,244,2014-04-14 19:42:03
1,1,0,288,251,217,2014-04-14 19:42:16
1,1,0,106,135,148,2014-04-14 19:42:30
1,1,0,52,32,21,2014-04-14 19:42:44
1,1,0,91,116,129,2014-04-14 19:42:57
1,1,0,42,55,56,2014-04-14 19:43:10
1,1,0,39,21,8,2014-04-14 19:43:24
1,1,0,205,208,194,2014-04-14 19:43:37
1,1,0,74,97,107,2014-04-14 19:43:51
1,1,0,25,3,0,2014-04-14 19:44:04
1,1,0,0,0,0,2014-04-14 19:44:17
1,1,0,44,57,64,2014-04-14 19:44:31
1,1,0,0,1,11,2014-04-14 19:44:44
1,1,0,35,15,0,2014-04-14 19:44:58
1,1,0,73,50,39,2014-04-14 19:45:11
1,1,0,62,86,96,2014-04-14 19:45:24
1,1,0,194,208,189,2014-04-14 19:45:38
1,1,0,0,0,0,2014-04-16 16:34:53
1,1,0,0,0,0,2014-04-16 16:35:07
1,1,0,0,0,0,2014-04-16 16:35:23
1,1,0,0,0,0,2014-04-16 16:35:38
1,1,0,0,0,0,2014-04-16 16:35:53
1,1,0,0,0,0,2014-04-16 16:36:07
1,1,0,0,0,0,2014-04-16 16:36:23
1,1,0,0,0,0,2014-04-16 16:36:37
1,1,0,0,0,0,2014-04-16 16:36:52
1,1,0,0,0,0,2014-04-16 16:37:07
1,1,0,0,0,0,2014-04-16 16:37:22
1,1,0,0,0,0,2014-04-18 15:06:32
1,1,0,0,0,0,2014-04-18 15:06:47
1,1,0,0,0,0,2014-04-18 15:07:02
1,1,0,47,503,276,2014-04-22 18:58:09
1,1,0,52,519,323,2014-04-22 19:48:47
1,1,0,40,488,269,2014-04-22 20:39:23
1,1,0,73,545,355,2014-04-22 21:30:00
1,1,0,41,491,282,2014-04-22 22:20:37
1,1,0,39,483,292,2014-04-22 23:11:13
1,1,0,44,488,272,2014-04-23 00:01:48
1,1,0,46,477,286,2014-04-23 00:52:24
1,1,0,40,482,273,2014-04-23 01:43:01
1,1,0,46,477,275,2014-04-23 02:33:40
1,1,0,57,526,332,2014-04-23 03:24:17
1,1,0,61,541,340,2014-04-23 04:14:54
1,1,0,39,495,304,2014-04-23 05:05:31
1,1,0,48,491,291,2014-04-23 05:56:07
1,1,0,61,559,355,2014-04-23 06:46:44
1,1,0,50,502,295,2014-04-23 07:37:19
1,1,0,52,486,296,2014-04-23 08:27:56
1,1,0,41,490,277,2014-04-23 09:18:34
1,1,0,57,504,296,2014-04-23 10:09:10
1,1,0,51,506,300,2014-04-23 10:59:46
1,1,0,69,591,391,2014-04-23 11:50:25
1,1,0,54,509,306,2014-04-23 12:41:01
1,1,0,61,529,324,2014-04-23 13:31:39
1,1,0,62,597,417,2014-04-23 14:22:15
1,1,0,66,521,318,2014-04-23 15:12:51
1,1,0,56,519,312,2014-04-23 16:03:27
1,1,0,62,531,321,2014-04-23 16:54:04
1,1,0,49,452,245,2014-04-23 17:44:42
1,1,0,59,510,305,2014-04-23 18:35:18
1,1,0,49,446,256,2014-04-23 19:25:54
1,1,0,64,533,350,2014-04-23 20:16:32
1,1,0,54,529,328,2014-04-23 21:07:09
1,1,0,65,581,365,2014-04-23 21:57:45
1,1,0,50,481,266,2014-04-23 22:48:21
1,1,0,69,536,331,2014-04-23 23:38:57
1,1,0,59,538,333,2014-04-24 00:29:33
1,1,0,61,532,337,2014-04-24 01:20:10
1,1,0,71,521,259,2014-04-24 02:10:46
1,1,0,61,531,321,2014-04-24 03:01:22
1,1,0,65,533,322,2014-04-24 03:51:59
1,1,0,67,615,428,2014-04-24 04:42:37
1,1,0,69,561,344,2014-04-24 05:33:16
1,1,0,65,571,345,2014-04-24 06:23:55
1,1,0,49,463,259,2014-04-24 07:14:30
1,1,0,69,555,340,2014-04-24 08:05:06
1,1,0,93,641,431,2014-04-24 08:55:44
1,1,0,65,546,334,2014-04-24 09:46:20
1,1,0,66,519,324,2014-04-24 10:36:55
1,1,0,67,624,431,2014-04-24 11:27:32
1,1,0,74,544,334,2014-04-24 12:18:09
1,1,0,62,501,321,2014-04-24 13:08:45
1,1,0,56,508,377,2014-04-24 13:59:26
1,1,0,67,531,337,2014-04-24 14:50:03
1,1,0,70,540,360,2014-04-24 15:40:41
1,1,0,75,553,347,2014-04-24 16:31:16
1,1,0,68,552,359,2014-04-24 17:21:52
1,1,0,71,544,361,2014-04-24 18:12:30
1,1,0,96,648,453,2014-04-24 19:03:07
1,1,0,88,631,377,2014-04-24 19:53:45
1,1,0,75,651,450,2014-04-24 20:44:23
1,1,0,64,441,240,2014-04-24 21:35:00
1,1,0,43,405,188,2014-04-24 22:25:37
1,1,0,74,560,350,2014-04-24 23:16:13
1,1,0,46,472,320,2014-04-25 00:06:52
1,1,0,71,533,331,2014-04-25 00:57:29
1,1,0,65,529,331,2014-04-25 01:48:05
1,1,0,25,396,44,2014-04-25 02:38:41
1,1,0,20,370,38,2014-04-25 03:29:19
1,1,0,17,358,5,2014-04-25 04:19:54
1,1,0,23,392,36,2014-04-25 05:10:31
1,1,0,22,397,41,2014-04-25 06:01:07
1,1,0,20,386,30,2014-04-25 06:51:43
1,1,0,18,395,37,2014-04-25 07:42:19
1,1,0,19,389,32,2014-04-25 08:32:54
1,1,0,22,441,85,2014-04-25 09:23:34
1,1,0,21,386,35,2014-04-25 10:14:10
1,1,0,18,403,37,2014-04-25 11:04:46
1,1,0,24,346,13,2014-04-25 11:55:24
1,1,0,20,389,32,2014-04-25 12:46:00
1,1,0,17,352,0,2014-04-25 13:36:36
1,1,0,17,385,22,2014-04-25 14:27:12
1,1,0,18,357,11,2014-04-25 15:17:51
1,1,0,19,388,24,2014-04-25 16:08:30
1,1,0,28,391,26,2014-04-25 16:59:07
1,1,0,14,379,11,2014-04-25 17:49:44
1,1,0,14,358,10,2014-04-25 18:40:21
1,1,0,18,379,28,2014-04-25 19:30:57
1,1,0,13,368,11,2014-04-25 20:21:35
1,1,0,9,337,0,2014-04-25 21:12:13
1,1,0,17,393,40,2014-04-25 22:02:49
1,1,0,20,403,30,2014-04-25 22:53:27
1,1,0,21,396,35,2014-04-25 23:44:03
1,1,0,18,403,32,2014-04-26 00:34:41
1,1,0,23,446,39,2014-04-26 01:25:18
1,1,0,18,412,33,2014-04-26 02:15:55
1,1,0,22,413,13,2014-04-26 03:06:32
1,1,0,20,405,29,2014-04-26 03:57:09
1,1,0,21,407,35,2014-04-26 04:47:46
1,1,0,20,416,42,2014-04-26 05:38:23
1,1,0,16,353,0,2014-04-26 06:28:59
1,1,0,23,414,30,2014-04-26 07:19:37
1,1,0,20,421,35,2014-04-26 08:10:13
1,1,0,19,410,31,2014-04-26 09:00:50
1,1,0,26,451,60,2014-04-26 09:51:27
1,1,0,18,415,39,2014-04-26 10:42:05
1,1,0,21,435,44,2014-04-26 11:32:41
1,1,0,17,421,41,2014-04-26 12:23:17
1,1,0,24,459,57,2014-04-26 13:13:52
1,1,0,9,389,28,2014-04-26 14:04:33
1,1,0,20,386,9,2014-04-26 14:55:09
1,1,0,17,419,32,2014-04-26 15:45:45
1,1,0,19,408,30,2014-04-26 16:36:22
1,1,0,24,460,76,2014-04-26 17:26:58
1,1,0,15,427,47,2014-04-26 18:17:36
1,1,0,14,382,6,2014-04-26 19:08:13
1,1,0,25,458,55,2014-04-26 19:58:51
1,1,0,25,423,48,2014-04-26 20:49:28
1,1,0,14,383,3,2014-04-26 21:40:06
1,1,0,20,437,52,2014-04-26 22:30:41
1,1,0,22,408,35,2014-04-26 23:21:17
1,1,0,20,405,8,2014-04-27 00:11:52
1,1,0,24,427,34,2014-04-27 01:02:28
1,1,0,27,444,53,2014-04-27 01:53:04
1,1,0,25,444,43,2014-04-27 02:43:43
1,1,0,17,401,12,2014-04-27 03:34:20
1,1,0,24,448,46,2014-04-27 04:24:57
1,1,0,21,412,22,2014-04-27 05:15:33
1,1,0,24,448,48,2014-04-27 06:06:10
1,1,0,24,448,40,2014-04-27 06:56:49
1,1,0,23,442,44,2014-04-27 07:47:24
1,1,0,19,447,39,2014-04-27 08:38:01
1,1,0,16,373,0,2014-04-27 09:28:36
1,1,0,23,450,45,2014-04-27 10:19:13
1,1,0,31,452,68,2014-04-27 11:09:50
1,1,0,25,471,45,2014-04-27 12:00:28
1,1,0,17,502,69,2014-04-27 12:51:04
1,1,0,24,448,31,2014-04-27 13:41:40
1,1,0,24,491,72,2014-04-27 14:32:17
1,1,0,15,395,17,2014-04-27 15:22:52
1,1,0,25,457,43,2014-04-27 16:13:31
1,1,0,36,511,57,2014-04-27 17:04:07
1,1,0,25,450,41,2014-04-27 17:54:43
1,1,0,30,452,37,2014-04-27 18:45:21
1,1,0,34,461,45,2014-04-27 19:35:57
1,1,0,21,456,41,2014-04-27 20:26:34
1,1,0,29,475,42,2014-04-27 21:17:11
1,1,0,27,457,38,2014-04-27 22:07:47
1,1,0,26,453,35,2014-04-27 22:58:23
1,1,0,24,460,45,2014-04-27 23:49:01
1,1,0,27,459,40,2014-04-28 00:39:37
1,1,0,28,500,57,2014-04-28 01:30:16
1,1,0,50,513,211,2014-04-28 02:20:55
1,1,0,44,493,183,2014-04-28 03:11:32
1,1,0,41,504,207,2014-04-28 04:02:08
1,1,0,53,509,225,2014-04-28 04:52:47
1,1,0,48,518,243,2014-04-28 05:43:23
1,1,0,50,513,251,2014-04-28 06:34:02
1,1,0,50,509,206,2014-04-28 07:24:39
1,1,0,43,526,205,2014-04-28 08:15:17
1,1,0,57,525,182,2014-04-28 09:05:56
1,1,0,43,536,187,2014-04-28 09:56:32
1,1,0,51,533,190,2014-04-28 10:47:08
1,1,0,55,525,225,2014-04-28 11:37:44
1,1,0,50,531,226,2014-04-28 12:28:21
1,1,0,57,526,220,2014-04-28 13:18:59
1,1,0,42,520,207,2014-04-28 14:09:37
1,1,0,51,526,234,2014-04-28 15:00:14
1,1,0,48,537,257,2014-04-28 15:50:52
1,1,0,55,535,236,2014-04-28 16:41:29
1,1,0,65,527,234,2014-04-28 17:32:06
1,1,0,58,550,255,2014-04-28 18:22:44
1,1,0,54,547,239,2014-04-28 19:13:22
1,1,0,57,553,257,2014-04-28 20:04:01
1,1,0,54,541,249,2014-04-28 20:54:38
1,1,0,60,572,240,2014-04-28 21:45:14
1,1,0,56,563,240,2014-04-28 22:35:53
1,1,0,48,563,176,2014-04-28 23:26:30
1,1,0,56,570,174,2014-04-29 00:17:08
1,1,0,52,529,166,2014-04-29 01:07:44
1,1,0,59,529,198,2014-04-29 01:58:21
1,1,0,55,511,204,2014-04-29 02:48:59
1,1,0,53,528,226,2014-04-29 03:39:37
1,1,0,55,517,242,2014-04-29 04:30:14
1,1,0,57,533,258,2014-04-29 05:20:50
1,1,0,59,536,269,2014-04-29 06:11:28
1,1,0,68,534,301,2014-04-29 07:02:04
1,1,0,61,536,297,2014-04-29 07:52:42
1,1,0,57,541,256,2014-04-29 08:43:19
1,1,0,54,522,231,2014-04-29 09:33:55
1,1,0,60,537,239,2014-04-29 10:24:33
1,1,0,49,511,224,2014-04-29 11:15:09
1,1,0,56,538,227,2014-04-29 12:05:47
1,1,0,56,540,208,2014-04-29 12:56:23
1,1,0,53,536,206,2014-04-29 13:46:59
1,1,0,56,539,199,2014-04-29 14:37:37
1,1,0,57,533,216,2014-04-29 15:28:13
1,1,0,46,525,204,2014-04-29 16:18:51
1,1,0,47,537,229,2014-04-29 17:09:28
1,1,0,51,526,205,2014-04-29 18:00:03
1,1,0,54,531,261,2014-04-29 18:50:40
1,1,0,53,530,262,2014-04-29 19:41:16
1,1,0,52,518,258,2014-04-29 20:31:56
1,1,0,55,520,284,2014-04-29 21:22:32
1,1,0,52,518,303,2014-04-29 22:13:09
1,1,0,0,0,0,2014-05-15 15:15:46
1,1,0,0,0,0,2014-05-15 15:16:26
1,1,0,0,0,0,2014-05-15 15:17:06
1,1,0,0,0,0,2014-05-15 15:17:45
1,1,0,0,0,0,2014-05-15 15:18:25
1,1,0,0,0,0,2014-05-15 15:19:06
1,1,0,0,0,0,2014-05-15 16:16:08
1,1,0,0,0,0,2014-05-15 16:16:48
1,1,0,61,349,256,2014-05-15 21:07:39
1,1,0,50,365,243,2014-05-15 21:58:17
1,1,0,51,376,251,2014-05-15 22:48:52
1,1,0,51,384,227,2014-05-15 23:39:30
1,1,0,49,444,248,2014-05-16 00:30:07
1,1,0,49,439,240,2014-05-16 01:20:45
1,1,0,49,414,270,2014-05-16 02:11:24
1,1,0,46,427,267,2014-05-16 03:02:02
1,1,0,49,402,281,2014-05-16 03:52:41
1,1,0,47,420,280,2014-05-16 04:43:19
1,1,0,52,443,283,2014-05-16 05:33:58
1,1,0,60,628,303,2014-05-16 06:24:36
1,1,0,63,638,304,2014-05-16 07:15:13
1,1,0,68,627,302,2014-05-16 08:05:49
1,1,0,71,639,328,2014-05-16 08:56:28
1,1,0,54,615,248,2014-05-16 09:47:06
1,1,0,72,628,318,2014-05-16 10:37:43
1,1,0,57,603,271,2014-05-16 11:28:21
1,1,0,61,617,312,2014-05-16 12:18:57
1,1,0,53,601,272,2014-05-16 13:09:33
1,1,0,67,613,302,2014-05-16 14:00:11
1,1,0,50,580,282,2014-05-16 14:50:48
1,1,0,0,0,0,2014-05-16 15:34:28
1,1,0,0,0,0,2014-05-16 15:35:07
1,1,0,0,0,0,2014-05-16 15:35:46
1,1,0,0,0,0,2014-05-16 15:39:39
1,1,0,0,0,0,2014-05-16 15:40:19
1,1,0,0,0,0,2014-05-16 15:40:59
1,1,0,65,613,309,2014-05-16 15:41:24
1,1,0,0,0,0,2014-05-16 15:41:39
1,1,0,0,0,0,2014-05-16 15:42:20
1,1,0,0,0,0,2014-05-16 15:42:59
1,1,0,0,0,0,2014-05-16 15:43:39
1,1,0,0,0,0,2014-05-16 15:44:19
1,1,0,0,0,0,2014-05-16 15:44:59
1,1,0,0,0,0,2014-05-16 15:45:39
1,1,0,0,0,0,2014-05-16 15:46:19
1,1,0,0,0,0,2014-05-16 15:46:59
1,1,0,0,0,0,2014-05-16 15:47:39
1,1,0,0,0,0,2014-05-16 15:48:26
1,1,0,0,0,0,2014-05-16 15:48:59
1,1,0,0,0,0,2014-05-16 15:49:39
1,1,0,0,0,0,2014-05-16 15:50:19
1,1,0,0,0,0,2014-05-16 15:50:59
1,1,0,0,0,0,2014-05-16 15:51:39
1,1,0,0,0,0,2014-05-16 15:52:19
1,1,0,0,0,0,2014-05-16 15:53:00
1,1,0,0,0,0,2014-05-16 15:53:40
1,1,0,0,0,0,2014-05-16 15:54:19
1,1,0,0,0,0,2014-05-16 15:54:59
1,1,0,0,0,0,2014-05-16 15:55:39
1,1,0,0,0,0,2014-05-16 15:56:19
1,1,0,0,0,0,2014-05-16 15:57:00
1,1,0,0,0,0,2014-05-16 15:57:39
1,1,0,0,0,0,2014-05-16 15:58:19
1,1,0,0,0,0,2014-05-16 15:58:59
1,1,0,0,0,0,2014-05-16 15:59:39
1,1,0,0,0,0,2014-05-16 16:00:19
1,1,0,0,0,0,2014-05-16 16:00:59
1,1,0,0,0,0,2014-05-16 16:01:39
1,1,0,0,0,0,2014-05-16 16:02:19
1,1,0,0,0,0,2014-05-16 16:02:59
1,1,0,0,0,0,2014-05-16 16:03:40
1,1,0,0,0,0,2014-05-16 16:04:19
1,1,0,0,0,0,2014-05-16 16:04:59
1,1,0,0,0,0,2014-05-16 16:05:39
1,1,0,0,0,0,2014-05-16 16:06:19
1,1,0,0,0,0,2014-05-16 16:07:00
1,1,0,0,0,0,2014-05-16 16:07:39
1,1,0,0,0,0,2014-05-16 16:08:19
1,1,0,0,0,0,2014-05-16 16:08:59
1,1,0,0,0,0,2014-05-16 16:09:39
1,1,0,0,0,0,2014-05-16 16:10:20
1,1,0,0,0,0,2014-05-16 16:10:59
1,1,0,0,0,0,2014-05-16 16:11:39
1,1,0,0,0,0,2014-05-16 16:12:20
1,1,0,0,0,0,2014-05-16 16:12:59
1,1,0,0,0,0,2014-05-16 16:13:39
1,1,0,0,0,0,2014-05-16 16:14:19
1,1,0,0,0,0,2014-05-16 16:14:59
1,1,0,0,0,0,2014-05-16 16:15:40
1,1,0,0,0,0,2014-05-16 16:16:20
1,1,0,0,0,0,2014-05-16 16:16:59
1,1,0,0,0,0,2014-05-16 16:17:40
1,1,0,0,0,0,2014-05-16 16:18:20
1,1,0,0,0,0,2014-05-16 16:19:00
1,1,0,0,0,0,2014-05-16 16:19:39
1,1,0,0,0,0,2014-05-16 16:20:19
1,1,0,0,0,0,2014-05-16 16:20:59
1,1,0,0,0,0,2014-05-16 16:21:40
1,1,0,0,0,0,2014-05-16 16:22:20
1,1,0,0,0,0,2014-05-16 16:22:59
1,1,0,0,0,0,2014-05-16 16:23:39
1,1,0,0,0,0,2014-05-16 16:24:19
1,1,0,0,0,0,2014-05-16 16:24:59
1,1,0,0,0,0,2014-05-16 16:25:39
1,1,0,0,0,0,2014-05-16 16:26:19
1,1,0,0,0,0,2014-05-16 16:26:59
1,1,0,0,0,0,2014-05-16 16:27:40
1,1,0,0,0,0,2014-05-16 16:28:19
1,1,0,0,0,0,2014-05-16 16:29:00
1,1,0,0,0,0,2014-05-16 16:29:39
1,1,0,0,0,0,2014-05-16 16:30:19
1,1,0,0,0,0,2014-05-16 16:30:59
1,1,0,0,0,0,2014-05-16 16:31:40
1,1,0,61,607,306,2014-05-16 16:32:02
1,1,0,0,0,0,2014-05-16 16:32:19
1,1,0,0,0,0,2014-05-16 16:32:59
1,1,0,0,0,0,2014-05-16 16:33:40
1,1,0,0,0,0,2014-05-16 16:34:20
1,1,0,0,0,0,2014-05-16 16:35:01
1,1,0,0,0,0,2014-05-16 16:35:39
1,1,0,0,0,0,2014-05-16 16:36:19
1,1,0,0,0,0,2014-05-16 16:36:59
1,1,0,0,0,0,2014-05-16 16:37:39
1,1,0,0,0,0,2014-05-16 16:38:19
1,1,0,0,0,0,2014-05-16 16:39:00
1,1,0,0,0,0,2014-05-16 16:39:39
1,1,0,0,0,0,2014-05-16 16:40:19
1,1,0,0,0,0,2014-05-16 16:41:00
1,1,0,0,0,0,2014-05-16 16:41:40
1,1,0,0,0,0,2014-05-16 16:42:20
1,1,0,0,0,0,2014-05-16 16:43:00
1,1,0,0,0,0,2014-05-16 16:43:39
1,1,0,0,0,0,2014-05-16 16:44:20
1,1,0,0,0,0,2014-05-16 16:44:59
1,1,0,0,0,0,2014-05-16 16:45:40
1,1,0,0,0,0,2014-05-16 16:46:19
1,1,0,0,0,0,2014-05-16 16:47:00
1,1,0,0,0,0,2014-05-16 16:47:40
1,1,0,0,0,0,2014-05-16 16:48:19
1,1,0,0,0,0,2014-05-16 16:48:59
1,1,0,0,0,0,2014-05-16 16:49:39
1,1,0,0,0,0,2014-05-16 16:50:19
1,1,0,0,0,0,2014-05-16 16:50:59
1,1,0,0,0,0,2014-05-16 16:51:40
1,1,0,0,0,0,2014-05-16 16:52:20
1,1,0,0,0,0,2014-05-16 16:53:00
1,1,0,0,0,0,2014-05-16 16:53:39
1,1,0,0,0,0,2014-05-16 16:54:19
1,1,0,0,0,0,2014-05-16 16:55:00
1,1,0,0,0,0,2014-05-16 16:55:40
1,1,0,0,0,0,2014-05-16 16:56:20
1,1,0,0,0,0,2014-05-16 16:56:59
1,1,0,0,0,0,2014-05-16 16:57:39
1,1,0,0,0,0,2014-05-16 16:58:20
1,1,0,0,0,0,2014-05-16 16:59:00
1,1,0,0,0,0,2014-05-16 16:59:40
1,1,0,0,0,0,2014-05-16 17:00:20
1,1,0,0,0,0,2014-05-16 17:01:00
1,1,0,0,0,0,2014-05-16 17:01:40
1,1,0,0,0,0,2014-05-16 17:02:20
1,1,0,0,0,0,2014-05-16 17:03:00
1,1,0,0,0,0,2014-05-16 17:03:40
1,1,0,0,0,0,2014-05-16 17:04:20
1,1,0,0,0,0,2014-05-16 17:05:00
1,1,0,0,0,0,2014-05-16 17:05:40
1,1,0,0,0,0,2014-05-16 17:06:20
1,1,0,0,0,0,2014-05-16 17:07:00
1,1,0,0,0,0,2014-05-16 17:07:40
1,1,0,0,0,0,2014-05-16 17:08:20
1,1,0,0,0,0,2014-05-16 17:09:00
1,1,0,0,0,0,2014-05-16 17:09:40
1,1,0,0,0,0,2014-05-16 17:10:20
1,1,0,0,0,0,2014-05-16 17:10:59
1,1,0,0,0,0,2014-05-16 17:11:39
1,1,0,0,0,0,2014-05-16 17:12:20
1,1,0,0,0,0,2014-05-16 17:13:00
1,1,0,0,0,0,2014-05-16 17:13:40
1,1,0,0,0,0,2014-05-16 17:14:19
1,1,0,0,0,0,2014-05-16 17:14:59
1,1,0,0,0,0,2014-05-16 17:15:40
1,1,0,0,0,0,2014-05-16 17:16:20
1,1,0,0,0,0,2014-05-16 17:17:00
1,1,0,0,0,0,2014-05-16 17:17:40
1,1,0,0,0,0,2014-05-16 17:18:20
1,1,0,0,0,0,2014-05-16 17:18:59
1,1,0,0,0,0,2014-05-16 17:19:40
1,1,0,0,0,0,2014-05-16 17:20:20
1,1,0,0,0,0,2014-05-16 17:21:00
1,1,0,0,0,0,2014-05-16 17:21:40
1,1,0,0,0,0,2014-05-16 17:22:20
1,1,0,58,654,328,2014-05-16 17:22:38
1,1,0,0,0,0,2014-05-16 17:23:00
1,1,0,0,0,0,2014-05-16 17:23:40
1,1,0,0,0,0,2014-05-16 17:24:20
1,1,0,0,0,0,2014-05-16 17:25:00
1,1,0,0,0,0,2014-05-16 17:25:40
1,1,0,0,0,0,2014-05-16 17:26:20
1,1,0,0,0,0,2014-05-16 17:26:59
1,1,0,0,0,0,2014-05-16 17:27:39
1,1,0,0,0,0,2014-05-16 17:28:20
1,1,0,0,0,0,2014-05-16 17:29:00
1,1,0,0,0,0,2014-05-16 17:29:39
1,1,0,0,0,0,2014-05-16 17:30:19
1,1,0,0,0,0,2014-05-16 17:31:00
1,1,0,0,0,0,2014-05-16 17:31:39
1,1,0,0,0,0,2014-05-16 17:32:20
1,1,0,0,0,0,2014-05-16 17:32:59
1,1,0,0,0,0,2014-05-16 17:33:39
1,1,0,0,0,0,2014-05-16 17:34:20
1,1,0,0,0,0,2014-05-16 17:34:59
1,1,0,0,0,0,2014-05-16 17:35:39
1,1,0,0,0,0,2014-05-16 17:36:20
1,1,0,0,0,0,2014-05-16 17:37:00
1,1,0,0,0,0,2014-05-16 17:37:40
1,1,0,0,0,0,2014-05-16 17:38:19
1,1,0,0,0,0,2014-05-16 17:38:59
1,1,0,0,0,0,2014-05-16 17:39:40
1,1,0,0,0,0,2014-05-16 17:40:20
1,1,0,0,0,0,2014-05-16 17:41:00
1,1,0,0,0,0,2014-05-16 17:41:40
1,1,0,0,0,0,2014-05-16 17:42:20
1,1,0,0,0,0,2014-05-16 17:43:00
1,1,0,0,0,0,2014-05-16 17:43:39
1,1,0,0,0,0,2014-05-16 17:44:19
1,1,0,0,0,0,2014-05-16 17:45:00
1,1,0,0,0,0,2014-05-16 17:45:40
1,1,0,0,0,0,2014-05-16 17:46:20
1,1,0,0,0,0,2014-05-16 17:47:00
1,1,0,0,0,0,2014-05-16 17:47:40
1,1,0,0,0,0,2014-05-16 17:48:20
1,1,0,0,0,0,2014-05-16 17:49:00
1,1,0,0,0,0,2014-05-16 17:49:40
1,1,0,0,0,0,2014-05-16 17:50:20
1,1,0,0,0,0,2014-05-16 17:50:59
1,1,0,0,0,0,2014-05-16 17:51:40
1,1,0,0,0,0,2014-05-16 17:52:19
1,1,0,0,0,0,2014-05-16 17:53:00
1,1,0,0,0,0,2014-05-16 17:53:40
1,1,0,0,0,0,2014-05-16 17:54:20
1,1,0,0,0,0,2014-05-16 17:54:59
1,1,0,0,0,0,2014-05-16 17:55:39
1,1,0,0,0,0,2014-05-16 17:56:20
1,1,0,0,0,0,2014-05-16 17:56:59
1,1,0,0,0,0,2014-05-16 17:57:40
1,1,0,0,0,0,2014-05-16 17:58:19
1,1,0,0,0,0,2014-05-16 17:59:00
1,1,0,0,0,0,2014-05-16 17:59:40
1,1,0,0,0,0,2014-05-16 18:00:20
1,1,0,0,0,0,2014-05-16 18:01:00
1,1,0,0,0,0,2014-05-16 18:01:39
1,1,0,0,0,0,2014-05-16 18:02:20
1,1,0,0,0,0,2014-05-16 18:02:59
1,1,0,0,0,0,2014-05-16 18:03:40
1,1,0,0,0,0,2014-05-16 18:04:20
1,1,0,0,0,0,2014-05-16 18:05:00
1,1,0,0,0,0,2014-05-16 18:05:40
1,1,0,0,0,0,2014-05-16 18:06:20
1,1,0,0,0,0,2014-05-16 18:07:00
1,1,0,0,0,0,2014-05-16 18:07:40
1,1,0,0,0,0,2014-05-16 18:08:20
1,1,0,0,0,0,2014-05-16 18:09:00
1,1,0,0,0,0,2014-05-16 18:09:40
1,1,0,0,0,0,2014-05-16 18:10:20
1,1,0,0,0,0,2014-05-16 18:10:59
1,1,0,0,0,0,2014-05-16 18:11:39
1,1,0,0,0,0,2014-05-16 18:12:20
1,1,0,0,0,0,2014-05-16 18:12:59
1,1,0,59,608,313,2014-05-16 18:13:17
1,1,0,0,0,0,2014-05-16 18:13:39
1,1,0,0,0,0,2014-05-16 18:14:20
1,1,0,0,0,0,2014-05-16 18:15:00
1,1,0,0,0,0,2014-05-16 18:15:40
1,1,0,0,0,0,2014-05-16 18:16:20
1,1,0,0,0,0,2014-05-16 18:17:00
1,1,0,0,0,0,2014-05-16 18:17:40
1,1,0,0,0,0,2014-05-16 18:18:20
1,1,0,0,0,0,2014-05-16 18:19:00
1,1,0,0,0,0,2014-05-16 18:19:40
1,1,0,0,0,0,2014-05-16 18:20:19
1,1,0,0,0,0,2014-05-16 18:21:00
1,1,0,0,0,0,2014-05-16 18:21:40
1,1,0,0,0,0,2014-05-16 18:22:20
1,1,0,0,0,0,2014-05-16 18:23:00
1,1,0,0,0,0,2014-05-16 18:23:40
1,1,0,0,0,0,2014-05-16 18:24:19
1,1,0,0,0,0,2014-05-16 18:25:00
1,1,0,0,0,0,2014-05-16 18:25:40
1,1,0,0,0,0,2014-05-16 18:26:20
1,1,0,0,0,0,2014-05-16 18:27:00
1,1,0,0,0,0,2014-05-16 18:27:40
1,1,0,0,0,0,2014-05-16 18:28:20
1,1,0,0,0,0,2014-05-16 18:29:00
1,1,0,0,0,0,2014-05-16 18:29:40
1,1,0,0,0,0,2014-05-16 18:30:20
1,1,0,0,0,0,2014-05-16 18:31:00
1,1,0,0,0,0,2014-05-16 18:31:43
1,1,0,0,0,0,2014-05-16 18:32:20
1,1,0,0,0,0,2014-05-16 18:33:00
1,1,0,0,0,0,2014-05-16 18:33:40
1,1,0,0,0,0,2014-05-16 18:34:20
1,1,0,0,0,0,2014-05-16 18:35:00
1,1,0,70,628,304,2014-05-16 19:03:54
1,1,0,65,638,305,2014-05-16 19:54:30
1,1,0,57,630,291,2014-05-16 20:45:07
1,1,0,60,611,274,2014-05-16 21:35:45
1,1,0,54,599,272,2014-05-16 22:26:21
1,1,0,70,629,295,2014-05-16 23:16:58
1,1,0,61,603,287,2014-05-17 00:07:35
1,1,0,63,601,299,2014-05-17 00:58:14
1,1,0,56,592,284,2014-05-17 01:48:51
1,1,0,57,555,280,2014-05-17 02:39:27
1,1,0,51,480,261,2014-05-17 03:30:02
1,1,0,57,501,281,2014-05-17 04:20:40
1,1,0,63,531,291,2014-05-17 05:11:18
1,1,0,52,558,274,2014-05-17 06:01:57
1,1,0,53,507,276,2014-05-17 06:52:36
1,1,0,55,540,290,2014-05-17 07:43:12
1,1,0,55,535,312,2014-05-17 08:33:51
1,1,0,50,489,236,2014-05-17 09:24:29
1,1,0,42,504,286,2014-05-17 10:15:07
1,1,0,34,377,251,2014-05-17 11:05:46
1,1,0,44,488,295,2014-05-17 11:56:23
1,1,0,43,483,297,2014-05-17 12:47:00
1,1,0,43,533,279,2014-05-17 13:37:38
1,1,0,59,535,357,2014-05-17 14:28:13
1,1,0,49,517,331,2014-05-17 15:18:50
1,1,0,57,515,376,2014-05-17 16:09:29
1,1,0,58,515,369,2014-05-17 17:00:09
1,1,0,45,503,347,2014-05-17 17:50:46
1,1,0,64,480,388,2014-05-17 18:41:24
1,1,0,59,483,394,2014-05-17 19:32:01
1,1,0,42,475,314,2014-05-17 20:22:40
1,1,0,56,465,358,2014-05-17 21:13:17
1,1,0,59,476,351,2014-05-17 22:03:56
1,1,0,53,449,289,2014-05-17 22:54:35
1,1,0,53,450,331,2014-05-17 23:45:10
1,1,0,46,437,314,2014-05-18 00:35:47
1,1,0,40,459,294,2014-05-18 01:26:25
1,1,0,34,439,251,2014-05-18 02:17:01
1,1,0,37,418,236,2014-05-18 03:07:37
1,1,0,28,419,222,2014-05-18 03:58:13
1,1,0,33,431,232,2014-05-18 04:48:50
1,1,0,32,438,241,2014-05-18 05:39:27
1,1,0,40,437,253,2014-05-18 06:30:04
1,1,0,26,445,214,2014-05-18 07:20:41
1,1,0,50,443,203,2014-05-18 08:11:18
1,1,0,36,453,337,2014-05-18 09:01:57
1,1,0,39,453,284,2014-05-18 09:52:33
1,1,0,43,461,289,2014-05-18 10:43:09
1,1,0,0,0,0,2014-05-19 19:37:40
1,1,0,0,0,0,2014-05-19 19:37:54
1,1,0,0,0,0,2014-05-19 19:38:10
1,1,0,0,0,0,2014-05-19 19:38:25
1,1,0,0,0,0,2014-05-20 14:23:13
1,1,0,0,0,0,2014-05-20 14:23:47
1,1,0,0,0,0,2014-05-20 20:57:40
1,1,0,0,0,0,2014-05-21 13:28:06
1,1,0,0,0,0,2014-05-21 13:28:36
1,1,0,0,0,0,2014-05-21 13:28:57
1,1,0,0,0,0,2014-05-21 13:29:21
1,1,0,0,0,0,2014-05-21 13:29:46
1,1,0,0,0,0,2014-05-21 13:30:16
1,1,0,0,0,0,2014-05-21 13:30:38
1,1,0,0,0,0,2014-05-21 13:31:10
1,1,0,0,0,0,2014-05-21 13:31:36
1,1,0,0,0,0,2014-05-21 13:31:58
1,1,0,0,0,0,2014-05-21 13:32:20
76.28,38.8,0,0,0,0,2014-05-21 19:30:51
1,1,0,0,0,0,2014-05-21 19:37:48
73.4,39.4,0,0,0,0,2014-05-22 14:14:39
73.4,39.2,0,0,0,0,2014-05-22 14:15:05
73.58,39.4,0,0,0,0,2014-05-22 14:15:28
73.58,39.2,0,0,0,0,2014-05-22 14:15:52
73.76,39.2,0,0,0,0,2014-05-22 14:35:27
74.12,41,0,0,0,0,2014-05-22 16:43:57
74.66,39.6,0,0,0,0,2014-05-22 17:14:58
75.38,39.7,0,0,0,0,2014-05-22 18:08:02
75.56,38.5,0,0,0,0,2014-05-22 18:10:55
75.56,40.7,0,0,0,0,2014-05-22 18:12:18
75.56,40.1,0,0,0,0,2014-05-22 18:19:17
75.02,37.7,0,0,0,0,2014-05-22 18:24:38
75.38,46.7,0,0,0,0,2014-05-22 18:30:14
75.38,40,0,0,0,0,2014-05-22 18:34:52
75.56,38.3,0,0,0,0,2014-05-22 18:42:32
75.38,38.3,0,0,0,0,2014-05-22 18:43:44
75.56,38.8,0,0,0,0,2014-05-22 18:44:57
75.38,38.4,0,0,0,0,2014-05-22 18:46:07
75.2,37.9,0,0,0,0,2014-05-22 18:47:17
75.2,38.8,0,0,0,0,2014-05-22 18:48:31
75.2,38.5,0,0,0,0,2014-05-22 18:49:40
75.2,39,0,0,0,0,2014-05-22 18:50:50
75.38,38,0,0,0,0,2014-05-22 18:52:00
75.2,38.6,0,0,0,0,2014-05-22 18:53:11
75.2,38.3,0,0,0,0,2014-05-22 18:54:24
76.28,37.7,0,0,0,0,2014-05-22 19:48:48
76.1,38,0,0,0,0,2014-05-22 20:16:38
1,1,0,0,0,0,2014-06-11 19:06:30
1,1,0,0,0,0,2014-06-12 13:29:51
1,1,0,0,0,0,2014-06-17 15:47:03
1,1,0,0,0,0,2014-06-17 15:47:39
1,1,0,0,0,0,2014-06-17 15:48:19
1,1,0,0,0,0,2014-06-17 15:48:59
1,1,0,0,0,0,2014-06-17 15:49:40
1,1,0,0,0,0,2014-06-17 15:50:18
1,1,0,0,0,0,2014-06-17 15:51:00
1,1,0,0,0,0,2014-06-17 15:51:39
1,1,0,0,0,0,2014-06-17 15:52:19
1,1,0,0,0,0,2014-06-17 15:52:59
1,1,0,0,0,0,2014-06-17 16:38:12
1,1,0,0,0,0,2014-06-17 17:30:37
1,1,0,0,0,0,2014-06-17 17:31:11
1,1,0,0,0,0,2014-06-17 17:31:49
1,1,0,0,0,0,2014-06-17 17:32:28
1,1,0,0,0,0,2014-06-17 17:33:09
1,1,0,0,0,0,2014-06-17 17:33:53
1,1,0,0,0,0,2014-06-17 17:34:31
1,1,0,0,0,0,2014-06-17 17:35:13
1,1,0,0,0,0,2014-06-17 17:35:49
1,1,0,0,0,0,2014-06-17 17:36:33
1,1,0,0,0,0,2014-06-17 17:37:09
1,1,0,0,0,0,2014-06-17 17:37:49
1,1,0,0,0,0,2014-06-17 17:38:28
1,1,0,0,0,0,2014-06-17 17:39:09
1,1,0,0,0,0,2014-06-17 17:39:49
1,1,0,0,0,0,2014-06-17 17:40:29
1,1,0,0,0,0,2014-06-17 17:41:09
1,1,0,0,0,0,2014-06-17 17:41:49
1,1,0,0,0,0,2014-06-17 17:42:30
1,1,0,0,0,0,2014-06-17 17:43:10
1,1,0,0,0,0,2014-06-17 17:43:51
1,1,0,0,0,0,2014-06-17 17:44:31
1,1,0,0,0,0,2014-06-17 17:45:10
1,1,0,0,0,0,2014-06-17 17:45:52
1,1,0,0,0,0,2014-06-17 17:46:34
1,1,0,0,0,0,2014-06-17 17:47:11
1,1,0,0,0,0,2014-06-17 17:47:50
1,1,0,0,0,0,2014-06-17 17:48:31
1,1,0,0,0,0,2014-06-17 17:49:10
1,1,0,0,0,0,2014-06-17 17:49:50
1,1,0,0,0,0,2014-06-17 17:50:30
1,1,0,0,0,0,2014-06-17 17:51:11
1,1,0,0,0,0,2014-06-17 17:51:50
1,1,0,0,0,0,2014-06-17 17:52:30
1,1,0,0,0,0,2014-06-17 17:53:12
1,1,0,0,0,0,2014-06-17 17:53:49
1,1,0,0,0,0,2014-06-17 17:54:30
1,1,0,0,0,0,2014-06-17 17:55:09
1,1,0,0,0,0,2014-06-17 17:55:49
1,1,0,0,0,0,2014-06-17 17:56:29
1,1,0,0,0,0,2014-06-17 17:57:09
1,1,0,0,0,0,2014-06-17 17:57:49
1,1,0,0,0,0,2014-06-17 17:58:29
1,1,0,0,0,0,2014-06-17 17:59:09
1,1,0,0,0,0,2014-06-17 17:59:49
1,1,0,0,0,0,2014-06-17 18:00:29
1,1,0,0,0,0,2014-06-17 18:01:09
1,1,0,0,0,0,2014-06-17 18:01:49
1,1,0,0,0,0,2014-06-17 18:02:28
1,1,0,0,0,0,2014-06-17 18:03:09
1,1,0,0,0,0,2014-06-17 18:03:49
1,1,0,0,0,0,2014-06-17 18:04:29
1,1,0,0,0,0,2014-06-17 18:05:15
1,1,0,0,0,0,2014-06-17 18:06:03
1,1,0,0,0,0,2014-06-17 18:06:32
1,1,0,0,0,0,2014-06-17 18:07:25
1,1,0,0,0,0,2014-06-17 18:07:49
1,1,0,0,0,0,2014-06-17 18:08:30
1,1,0,0,0,0,2014-06-17 18:09:13
1,1,0,0,0,0,2014-06-17 18:09:51
1,1,0,0,0,0,2014-06-17 18:10:34
1,1,0,0,0,0,2014-06-17 18:11:13
1,1,0,0,0,0,2014-06-17 18:11:49
1,1,0,0,0,0,2014-06-17 18:12:28
1,1,0,0,0,0,2014-06-17 18:13:11
1,1,0,0,0,0,2014-06-17 18:13:49
1,1,0,0,0,0,2014-06-17 18:14:31
1,1,0,0,0,0,2014-06-17 18:15:11
1,1,0,0,0,0,2014-06-17 18:15:48
1,1,0,0,0,0,2014-06-17 18:16:29
1,1,0,0,0,0,2014-06-17 18:17:11
1,1,0,0,0,0,2014-06-17 18:17:51
1,1,0,0,0,0,2014-06-17 18:18:29
1,1,0,0,0,0,2014-06-17 18:19:10
1,1,0,0,0,0,2014-06-17 18:19:49
1,1,0,0,0,0,2014-06-17 18:20:29
1,1,0,0,0,0,2014-06-17 18:21:13
1,1,0,0,0,0,2014-06-17 18:21:51
1,1,0,0,0,0,2014-06-17 18:22:31
1,1,0,0,0,0,2014-06-17 18:23:12
1,1,0,0,0,0,2014-06-17 18:23:49
1,1,0,0,0,0,2014-06-17 18:24:29
1,1,0,0,0,0,2014-06-17 18:25:09
1,1,0,0,0,0,2014-06-17 18:25:49
1,1,0,0,0,0,2014-06-17 18:26:29
1,1,0,0,0,0,2014-06-17 18:27:09
1,1,0,0,0,0,2014-06-17 18:27:49
1,1,0,0,0,0,2014-06-17 18:28:29
1,1,0,0,0,0,2014-06-17 18:29:09
1,1,0,0,0,0,2014-06-17 18:29:49
1,1,0,0,0,0,2014-06-17 18:30:29
1,1,0,0,0,0,2014-06-17 18:31:09
1,1,0,0,0,0,2014-06-17 18:31:49
1,1,0,0,0,0,2014-06-17 18:32:29
1,1,0,0,0,0,2014-06-17 18:33:09
1,1,0,0,0,0,2014-06-17 18:33:49
1,1,0,0,0,0,2014-06-17 18:34:29
1,1,0,0,0,0,2014-06-17 18:35:09
1,1,0,0,0,0,2014-06-17 18:35:49
1,1,0,0,0,0,2014-06-17 18:36:29
1,1,0,0,0,0,2014-06-17 18:37:09
1,1,0,0,0,0,2014-06-17 18:37:49
1,1,0,0,0,0,2014-06-17 18:38:29
1,1,0,0,0,0,2014-06-17 18:39:09
1,1,0,0,0,0,2014-06-17 18:39:49
1,1,0,0,0,0,2014-06-17 18:40:29
1,1,0,0,0,0,2014-06-17 18:41:09
1,1,0,0,0,0,2014-06-17 18:41:49
1,1,0,0,0,0,2014-06-17 18:42:29
1,1,0,0,0,0,2014-06-17 18:43:09
1,1,0,0,0,0,2014-06-17 18:43:49
1,1,0,0,0,0,2014-06-17 18:44:29
1,1,0,0,0,0,2014-06-17 18:45:08
1,1,0,0,0,0,2014-06-17 18:45:49
1,1,0,0,0,0,2014-06-17 18:46:29
1,1,0,0,0,0,2014-06-17 18:47:09
1,1,0,0,0,0,2014-06-17 18:47:49
1,1,0,0,0,0,2014-06-17 18:48:29
1,1,0,0,0,0,2014-06-17 18:49:09
1,1,0,0,0,0,2014-06-17 18:49:49
1,1,0,0,0,0,2014-06-17 18:50:29
1,1,0,0,0,0,2014-06-17 18:51:09
1,1,0,0,0,0,2014-06-17 18:51:49
1,1,0,0,0,0,2014-06-17 18:52:29
1,1,0,0,0,0,2014-06-17 18:53:09
1,1,0,0,0,0,2014-06-17 18:53:49
1,1,0,0,0,0,2014-06-17 18:54:29
1,1,0,0,0,0,2014-06-17 18:55:09
1,1,0,0,0,0,2014-06-17 18:55:49
1,1,0,0,0,0,2014-06-17 18:56:29
1,1,0,0,0,0,2014-06-17 18:57:09
1,1,0,0,0,0,2014-06-17 18:57:49
1,1,0,0,0,0,2014-06-17 18:58:28
1,1,0,0,0,0,2014-06-17 18:59:09
1,1,0,0,0,0,2014-06-17 18:59:49
1,1,0,0,0,0,2014-06-17 19:00:29
1,1,0,0,0,0,2014-06-17 19:01:09
1,1,0,0,0,0,2014-06-17 19:01:49
1,1,0,0,0,0,2014-06-17 19:02:29
1,1,0,0,0,0,2014-06-17 19:03:09
1,1,0,0,0,0,2014-06-17 19:03:48
1,1,0,0,0,0,2014-06-17 19:04:29
1,1,0,0,0,0,2014-06-17 19:05:09
1,1,0,0,0,0,2014-06-17 19:05:49
1,1,0,0,0,0,2014-06-17 19:06:29
1,1,0,0,0,0,2014-06-17 19:07:09
1,1,0,0,0,0,2014-06-17 19:07:49
1,1,0,0,0,0,2014-06-17 19:08:29
1,1,0,0,0,0,2014-06-17 19:09:08
1,1,0,0,0,0,2014-06-17 19:09:48
1,1,0,0,0,0,2014-06-17 19:10:29
1,1,0,0,0,0,2014-06-17 19:11:09
1,1,0,0,0,0,2014-06-17 19:11:49
1,1,0,0,0,0,2014-06-17 19:12:29
1,1,0,0,0,0,2014-06-17 19:13:09
1,1,0,0,0,0,2014-06-17 19:13:49
1,1,0,0,0,0,2014-06-17 19:14:29
1,1,0,0,0,0,2014-06-17 19:15:09
1,1,0,0,0,0,2014-06-17 19:15:49
1,1,0,0,0,0,2014-06-17 19:16:29
1,1,0,0,0,0,2014-06-17 19:17:09
1,1,0,0,0,0,2014-06-17 19:17:55
1,1,0,0,0,0,2014-06-17 19:18:28
1,1,0,0,0,0,2014-06-17 19:19:09
1,1,0,0,0,0,2014-06-17 19:19:49
1,1,0,0,0,0,2014-06-17 19:20:28
1,1,0,0,0,0,2014-06-17 19:21:09
1,1,0,0,0,0,2014-06-17 19:21:49
1,1,0,0,0,0,2014-06-17 19:22:29
1,1,0,0,0,0,2014-06-17 19:23:09
1,1,0,0,0,0,2014-06-17 19:23:48
1,1,0,0,0,0,2014-06-17 19:24:29
1,1,0,0,0,0,2014-06-17 19:25:09
1,1,0,0,0,0,2014-06-17 19:25:49
1,1,0,0,0,0,2014-06-17 19:26:29
1,1,0,0,0,0,2014-06-17 19:27:08
1,1,0,0,0,0,2014-06-17 19:27:48
1,1,0,0,0,0,2014-06-17 19:28:28
1,1,0,0,0,0,2014-06-17 19:29:08
1,1,0,0,0,0,2014-06-17 19:29:50
1,1,0,0,0,0,2014-06-17 19:30:29
1,1,0,0,0,0,2014-06-17 19:31:09
1,1,0,0,0,0,2014-06-17 19:31:49
1,1,0,0,0,0,2014-06-17 19:32:29
1,1,0,0,0,0,2014-06-17 19:33:13
1,1,0,0,0,0,2014-06-17 19:33:49
1,1,0,0,0,0,2014-06-17 19:34:29
1,1,0,0,0,0,2014-06-17 19:35:09
1,1,0,0,0,0,2014-06-17 19:35:49
1,1,0,0,0,0,2014-06-17 19:36:29
1,1,0,0,0,0,2014-06-17 19:37:09
1,1,0,0,0,0,2014-06-17 19:37:49
1,1,0,0,0,0,2014-06-17 19:38:29
1,1,0,0,0,0,2014-06-17 19:39:09
1,1,0,0,0,0,2014-06-17 19:39:49
1,1,0,0,0,0,2014-06-17 19:40:29
1,1,0,0,0,0,2014-06-17 19:41:09
1,1,0,0,0,0,2014-06-17 19:41:49
1,1,0,0,0,0,2014-06-17 19:42:29
1,1,0,0,0,0,2014-06-17 19:43:09
1,1,0,0,0,0,2014-06-17 19:43:50
1,1,0,0,0,0,2014-06-17 19:44:29
1,1,0,0,0,0,2014-06-17 19:45:09
1,1,0,0,0,0,2014-06-17 19:45:49
1,1,0,0,0,0,2014-06-17 19:46:29
1,1,0,0,0,0,2014-06-17 19:47:09
1,1,0,0,0,0,2014-06-17 19:47:49
1,1,0,0,0,0,2014-06-17 19:48:29
1,1,0,0,0,0,2014-06-17 19:49:09
1,1,0,0,0,0,2014-06-17 19:49:49
1,1,0,0,0,0,2014-06-17 19:50:29
1,1,0,0,0,0,2014-06-17 19:51:09
1,1,0,0,0,0,2014-06-17 19:51:49
1,1,0,0,0,0,2014-06-17 19:52:29
1,1,0,0,0,0,2014-06-17 19:53:09
1,1,0,0,0,0,2014-06-17 19:53:49
1,1,0,0,0,0,2014-06-17 19:54:29
1,1,0,0,0,0,2014-06-17 19:55:09
1,1,0,0,0,0,2014-06-17 19:55:49
1,1,0,0,0,0,2014-06-17 19:56:30
1,1,0,0,0,0,2014-06-17 19:57:09
1,1,0,0,0,0,2014-06-17 19:57:49
1,1,0,0,0,0,2014-06-17 19:58:29
1,1,0,0,0,0,2014-06-17 19:59:09
1,1,0,0,0,0,2014-06-17 19:59:49
1,1,0,0,0,0,2014-06-17 20:00:29
1,1,0,0,0,0,2014-06-17 20:01:09
1,1,0,0,0,0,2014-06-17 20:01:49
1,1,0,0,0,0,2014-06-17 20:02:29
1,1,0,0,0,0,2014-06-17 20:03:09
1,1,0,0,0,0,2014-06-17 20:03:49
1,1,0,0,0,0,2014-06-17 20:04:31
1,1,0,0,0,0,2014-06-17 20:05:08
1,1,0,0,0,0,2014-06-17 20:05:51
1,1,0,0,0,0,2014-06-17 20:06:29
1,1,0,0,0,0,2014-06-17 20:07:09
1,1,0,0,0,0,2014-06-17 20:07:51
1,1,0,0,0,0,2014-06-17 20:08:30
1,1,0,0,0,0,2014-06-17 20:09:09
1,1,0,0,0,0,2014-06-17 20:09:53
1,1,0,0,0,0,2014-06-17 20:10:30
1,1,0,0,0,0,2014-06-17 20:11:11
1,1,0,0,0,0,2014-06-17 20:11:49
1,1,0,0,0,0,2014-06-17 20:12:30
1,1,0,0,0,0,2014-06-17 20:13:10
1,1,0,0,0,0,2014-06-17 20:13:50
1,1,0,0,0,0,2014-06-17 20:14:29
1,1,0,0,0,0,2014-06-17 20:15:09
1,1,0,0,0,0,2014-06-17 20:15:51
1,1,0,0,0,0,2014-06-17 20:16:30
1,1,0,0,0,0,2014-06-17 20:17:10
1,1,0,0,0,0,2014-06-17 20:17:50
1,1,0,0,0,0,2014-06-17 20:18:31
1,1,0,0,0,0,2014-06-17 20:19:09
1,1,0,0,0,0,2014-06-17 20:19:49
1,1,0,0,0,0,2014-06-17 20:20:30
1,1,0,0,0,0,2014-06-17 20:21:10
1,1,0,0,0,0,2014-06-17 20:21:50
1,1,0,0,0,0,2014-06-17 20:22:29
1,1,0,0,0,0,2014-06-17 20:23:09
1,1,0,0,0,0,2014-06-17 20:23:51
1,1,0,0,0,0,2014-06-17 20:24:31
1,1,0,0,0,0,2014-06-17 20:25:09
1,1,0,0,0,0,2014-06-17 20:25:50
1,1,0,0,0,0,2014-06-17 20:26:29
1,1,0,0,0,0,2014-06-17 20:27:18
1,1,0,0,0,0,2014-06-17 20:27:51
1,1,0,0,0,0,2014-06-17 20:28:29
1,1,0,0,0,0,2014-06-17 20:29:11
1,1,0,0,0,0,2014-06-17 20:29:49
1,1,0,0,0,0,2014-06-17 20:30:32
1,1,0,0,0,0,2014-06-17 20:31:09
1,1,0,0,0,0,2014-06-17 20:31:49
1,1,0,0,0,0,2014-06-17 20:32:29
1,1,0,0,0,0,2014-06-17 20:33:09
1,1,0,0,0,0,2014-06-17 20:33:49
1,1,0,0,0,0,2014-06-17 20:34:29
1,1,0,0,0,0,2014-06-17 20:35:13
1,1,0,0,0,0,2014-06-17 20:35:50
1,1,0,0,0,0,2014-06-17 20:36:30
1,1,0,0,0,0,2014-06-17 20:37:11
1,1,0,0,0,0,2014-06-17 20:37:49
1,1,0,0,0,0,2014-06-17 20:38:29
1,1,0,0,0,0,2014-06-17 20:39:09
1,1,0,0,0,0,2014-06-17 20:39:49
1,1,0,0,0,0,2014-06-17 20:40:29
1,1,0,0,0,0,2014-06-17 20:41:09
1,1,0,0,0,0,2014-06-17 20:41:49
1,1,0,0,0,0,2014-06-17 20:42:29
1,1,0,0,0,0,2014-06-17 20:43:09
1,1,0,0,0,0,2014-06-17 20:43:49
1,1,0,0,0,0,2014-06-17 20:44:29
1,1,0,0,0,0,2014-06-17 20:45:09
1,1,0,0,0,0,2014-06-17 20:45:49
1,1,0,0,0,0,2014-06-17 20:46:28
1,1,0,0,0,0,2014-06-17 20:47:09
1,1,0,0,0,0,2014-06-17 20:47:49
1,1,0,0,0,0,2014-06-17 20:48:29
1,1,0,0,0,0,2014-06-17 20:49:09
1,1,0,0,0,0,2014-06-17 20:49:49
1,1,0,0,0,0,2014-06-17 20:50:29
1,1,0,0,0,0,2014-06-17 20:51:09
1,1,0,0,0,0,2014-06-17 20:51:49
1,1,0,0,0,0,2014-06-17 20:52:29
1,1,0,0,0,0,2014-06-17 20:53:09
1,1,0,0,0,0,2014-06-18 15:23:44
1,1,0,0,0,0,2014-06-18 15:24:24
1,1,0,0,0,0,2014-06-18 15:25:04
1,1,0,0,0,0,2014-06-18 15:25:45
1,1,0,0,0,0,2014-06-18 15:26:24
1,1,0,0,0,0,2014-06-18 15:27:04
1,1,0,0,0,0,2014-06-18 15:27:44
1,1,0,0,0,0,2014-06-18 15:28:24
1,1,0,0,0,0,2014-06-18 15:29:04
1,1,0,0,0,0,2014-06-18 15:29:44
1,1,0,0,0,0,2014-06-18 15:30:24
1,1,0,0,0,0,2014-06-18 15:31:04
1,1,0,0,0,0,2014-06-18 15:31:44
1,1,0,0,0,0,2014-06-18 15:32:24
1,1,0,0,0,0,2014-06-18 15:33:04
1,1,0,0,0,0,2014-06-18 15:33:44
1,1,0,0,0,0,2014-06-18 15:34:24
1,1,0,0,0,0,2014-06-18 15:35:04
1,1,0,0,0,0,2014-06-18 15:35:44
1,1,0,0,0,0,2014-06-18 15:36:24
1,1,0,0,0,0,2014-06-18 15:37:05
1,1,0,0,0,0,2014-06-18 15:37:44
1,1,0,0,0,0,2014-06-18 15:38:24
1,1,0,0,0,0,2014-06-18 15:39:04
1,1,0,0,0,0,2014-06-18 15:39:44
1,1,0,0,0,0,2014-06-18 15:40:24
1,1,0,0,0,0,2014-06-18 15:41:04
1,1,0,0,0,0,2014-06-18 15:41:44
1,1,0,0,0,0,2014-06-18 15:42:24
1,1,0,0,0,0,2014-06-18 15:43:04
1,1,0,0,0,0,2014-06-18 15:43:44
1,1,0,0,0,0,2014-06-18 15:44:24
1,1,0,0,0,0,2014-06-18 15:45:04
1,1,0,0,0,0,2014-06-18 15:45:44
1,1,0,0,0,0,2014-06-18 15:46:24
1,1,0,0,0,0,2014-06-18 15:47:04
1,1,0,0,0,0,2014-06-18 15:47:46
1,1,0,0,0,0,2014-06-18 15:48:25
1,1,0,0,0,0,2014-06-18 15:49:04
1,1,0,0,0,0,2014-06-18 15:49:44
1,1,0,0,0,0,2014-06-18 15:50:24
1,1,0,0,0,0,2014-06-18 15:51:04
1,1,0,0,0,0,2014-06-18 15:51:44
1,1,0,0,0,0,2014-06-18 15:52:25
1,1,0,0,0,0,2014-06-18 15:53:04
1,1,0,0,0,0,2014-06-18 15:53:44
1,1,0,0,0,0,2014-06-18 15:54:24
1,1,0,0,0,0,2014-06-18 15:55:04
1,1,0,0,0,0,2014-06-18 15:55:44
1,1,0,0,0,0,2014-06-18 15:56:23
1,1,0,0,0,0,2014-06-18 15:57:03
1,1,0,0,0,0,2014-06-18 15:57:44
1,1,0,0,0,0,2014-06-18 15:58:24
1,1,0,0,0,0,2014-06-18 15:59:04
1,1,0,0,0,0,2014-06-18 15:59:44
1,1,0,0,0,0,2014-06-18 16:00:24
1,1,0,0,0,0,2014-06-18 16:01:04
1,1,0,0,0,0,2014-06-18 16:01:44
1,1,0,0,0,0,2014-06-18 16:02:24
1,1,0,0,0,0,2014-06-18 16:03:04
1,1,0,0,0,0,2014-06-18 16:03:44
1,1,0,0,0,0,2014-06-18 16:04:25
1,1,0,0,0,0,2014-06-18 16:05:04
1,1,0,0,0,0,2014-06-18 16:05:44
1,1,0,0,0,0,2014-06-18 16:06:24
1,1,0,0,0,0,2014-06-18 16:07:04
1,1,0,0,0,0,2014-06-18 16:07:45
1,1,0,0,0,0,2014-06-18 16:08:24
1,1,0,0,0,0,2014-06-18 16:09:09
1,1,0,0,0,0,2014-06-18 16:09:46
1,1,0,0,0,0,2014-06-18 16:10:24
1,1,0,0,0,0,2014-06-18 16:11:04
1,1,0,0,0,0,2014-06-18 16:11:44
1,1,0,0,0,0,2014-06-18 16:12:24
1,1,0,0,0,0,2014-06-18 16:13:04
1,1,0,0,0,0,2014-06-18 16:13:44
1,1,0,0,0,0,2014-06-18 16:14:24
1,1,0,0,0,0,2014-06-18 16:15:04
1,1,0,0,0,0,2014-06-18 16:15:44
1,1,0,0,0,0,2014-06-18 16:16:24
1,1,0,0,0,0,2014-06-18 16:17:04
1,1,0,0,0,0,2014-06-18 16:17:44
1,1,0,0,0,0,2014-06-18 16:18:24
1,1,0,0,0,0,2014-06-18 16:19:04
1,1,0,0,0,0,2014-06-18 16:19:44
1,1,0,0,0,0,2014-06-18 16:20:24
1,1,0,0,0,0,2014-06-18 16:21:04
1,1,0,0,0,0,2014-06-18 16:21:44
1,1,0,0,0,0,2014-06-18 16:22:24
1,1,0,0,0,0,2014-06-18 16:23:04
1,1,0,0,0,0,2014-06-18 16:23:44
1,1,0,0,0,0,2014-06-18 16:24:26
1,1,0,0,0,0,2014-06-18 16:25:04
1,1,0,0,0,0,2014-06-18 16:25:44
1,1,0,0,0,0,2014-06-18 16:26:24
1,1,0,0,0,0,2014-06-18 16:27:04
1,1,0,0,0,0,2014-06-18 16:27:44
1,1,0,0,0,0,2014-06-18 16:28:24
1,1,0,0,0,0,2014-06-18 16:29:04
1,1,0,0,0,0,2014-06-18 16:29:44
1,1,0,0,0,0,2014-06-18 16:30:24
1,1,0,0,0,0,2014-06-18 16:31:04
1,1,0,0,0,0,2014-06-18 16:31:44
1,1,0,0,0,0,2014-06-18 16:32:24
1,1,0,0,0,0,2014-06-18 16:33:04
1,1,0,0,0,0,2014-06-18 16:34:52
1,1,0,0,0,0,2014-06-18 16:35:31
1,1,0,0,0,0,2014-06-18 16:36:11
1,1,0,0,0,0,2014-06-18 16:36:51
1,1,0,0,0,0,2014-06-18 16:37:31
1,1,0,0,0,0,2014-06-18 16:38:11
1,1,0,0,0,0,2014-06-18 16:38:51
1,1,0,0,0,0,2014-06-18 16:39:31
1,1,0,0,0,0,2014-06-18 16:40:11
1,1,0,0,0,0,2014-06-18 16:40:51
1,1,0,0,0,0,2014-06-18 16:41:31
1,1,0,0,0,0,2014-06-18 16:42:11
1,1,0,0,0,0,2014-06-18 16:42:51
1,1,0,0,0,0,2014-06-18 16:43:31
1,1,0,0,0,0,2014-06-18 16:44:11
1,1,0,0,0,0,2014-06-18 16:44:51
1,1,0,0,0,0,2014-06-18 16:45:31
1,1,0,0,0,0,2014-06-18 16:46:11
1,1,0,0,0,0,2014-06-18 16:46:51
1,1,0,0,0,0,2014-06-18 16:47:31
1,1,0,0,0,0,2014-06-18 16:48:11
1,1,0,0,0,0,2014-06-18 16:48:50
1,1,0,0,0,0,2014-06-18 16:49:31
1,1,0,0,0,0,2014-06-18 16:50:11
1,1,0,0,0,0,2014-06-18 16:50:51
1,1,0,0,0,0,2014-06-18 16:51:31
1,1,0,0,0,0,2014-06-18 16:52:11
1,1,0,0,0,0,2014-06-18 16:52:51
1,1,0,0,0,0,2014-06-18 16:53:31
1,1,0,0,0,0,2014-06-18 16:54:11
1,1,0,0,0,0,2014-06-18 16:54:51
1,1,0,0,0,0,2014-06-18 16:57:07
1,1,0,0,0,0,2014-06-18 16:57:48
1,1,0,0,0,0,2014-06-18 16:58:27
1,1,0,0,0,0,2014-06-18 16:59:06
1,1,0,0,0,0,2014-06-18 16:59:46
1,1,0,0,0,0,2014-06-18 17:00:27
1,1,0,0,0,0,2014-06-18 17:01:07
1,1,0,0,0,0,2014-06-18 17:01:47
1,1,0,0,0,0,2014-06-18 17:02:27
1,1,0,0,0,0,2014-06-18 17:03:06
1,1,0,0,0,0,2014-06-18 17:03:48
1,1,0,0,0,0,2014-06-18 17:04:27
1,1,0,0,0,0,2014-06-18 17:05:07
1,1,0,0,0,0,2014-06-18 17:05:46
1,1,0,0,0,0,2014-06-18 17:06:26
1,1,0,0,0,0,2014-06-18 17:07:06
1,1,0,0,0,0,2014-06-18 17:07:47
1,1,0,0,0,0,2014-06-18 17:08:26
1,1,0,0,0,0,2014-06-18 17:09:07
1,1,0,0,0,0,2014-06-18 17:09:46
1,1,0,0,0,0,2014-06-18 17:10:26
1,1,0,0,0,0,2014-06-18 17:11:06
1,1,0,0,0,0,2014-06-18 17:11:46
1,1,0,0,0,0,2014-06-18 17:12:27
1,1,0,0,0,0,2014-06-18 17:13:07
1,1,0,0,0,0,2014-06-18 17:13:46
1,1,0,0,0,0,2014-06-18 17:14:27
1,1,0,0,0,0,2014-06-18 17:15:06
1,1,0,0,0,0,2014-06-18 17:15:46
1,1,0,0,0,0,2014-06-18 17:16:26
1,1,0,0,0,0,2014-06-18 17:17:06
1,1,0,0,0,0,2014-06-18 17:17:46
1,1,0,0,0,0,2014-06-18 17:18:27
1,1,0,0,0,0,2014-06-18 17:19:06
1,1,0,0,0,0,2014-06-18 17:19:46
1,1,0,0,0,0,2014-06-18 17:20:26
1,1,0,0,0,0,2014-06-18 17:21:06
1,1,0,0,0,0,2014-06-18 17:21:46
1,1,0,0,0,0,2014-06-18 17:22:27
1,1,0,0,0,0,2014-06-18 17:23:06
1,1,0,0,0,0,2014-06-18 17:23:47
1,1,0,0,0,0,2014-06-18 17:24:27
1,1,0,0,0,0,2014-06-18 17:25:06
1,1,0,0,0,0,2014-06-18 17:25:47
1,1,0,0,0,0,2014-06-18 17:26:26
1,1,0,0,0,0,2014-06-18 17:27:07
1,1,0,0,0,0,2014-06-18 17:27:47
1,1,0,0,0,0,2014-06-18 17:28:26
1,1,0,0,0,0,2014-06-18 17:29:07
1,1,0,0,0,0,2014-06-18 17:29:47
1,1,0,0,0,0,2014-06-18 17:30:27
1,1,0,0,0,0,2014-06-18 17:31:08
1,1,0,0,0,0,2014-06-18 17:31:46
1,1,0,0,0,0,2014-06-18 17:32:27
1,1,0,0,0,0,2014-06-18 17:33:07
1,1,0,0,0,0,2014-06-18 17:33:46
1,1,0,0,0,0,2014-06-18 17:34:26
1,1,0,0,0,0,2014-06-18 17:35:08
1,1,0,0,0,0,2014-06-18 17:35:46
1,1,0,0,0,0,2014-06-18 17:36:26
1,1,0,0,0,0,2014-06-18 17:37:06
1,1,0,0,0,0,2014-06-18 17:37:47
1,1,0,0,0,0,2014-06-18 17:38:27
1,1,0,0,0,0,2014-06-18 17:39:06
1,1,0,0,0,0,2014-06-18 17:39:47
1,1,0,0,0,0,2014-06-18 17:40:27
1,1,0,0,0,0,2014-06-18 17:41:06
1,1,0,0,0,0,2014-06-18 17:41:47
1,1,0,0,0,0,2014-06-18 17:42:27
1,1,0,0,0,0,2014-06-18 17:43:07
1,1,0,0,0,0,2014-06-18 17:43:47
1,1,0,0,0,0,2014-06-18 17:44:27
1,1,0,0,0,0,2014-06-18 17:45:07
1,1,0,0,0,0,2014-06-18 17:45:47
1,1,0,0,0,0,2014-06-18 17:46:27
1,1,0,0,0,0,2014-06-18 17:47:06
1,1,0,0,0,0,2014-06-18 17:47:46
1,1,0,0,0,0,2014-06-18 17:48:27
1,1,0,0,0,0,2014-06-18 17:49:07
1,1,0,0,0,0,2014-06-18 17:49:47
1,1,0,0,0,0,2014-06-18 17:50:26
1,1,0,0,0,0,2014-06-18 17:51:06
1,1,0,0,0,0,2014-06-18 17:51:47
1,1,0,0,0,0,2014-06-18 17:52:27
1,1,0,0,0,0,2014-06-18 17:53:06
1,1,0,0,0,0,2014-06-18 17:53:47
1,1,0,0,0,0,2014-06-18 17:54:27
1,1,0,0,0,0,2014-06-18 17:55:07
1,1,0,0,0,0,2014-06-18 17:55:47
1,1,0,0,0,0,2014-06-18 17:56:26
1,1,0,0,0,0,2014-06-18 17:57:07
1,1,0,0,0,0,2014-06-18 17:57:47
1,1,0,0,0,0,2014-06-18 17:58:26
1,1,0,0,0,0,2014-06-18 17:59:07
1,1,0,0,0,0,2014-06-18 17:59:47
1,1,0,0,0,0,2014-06-18 18:00:27
1,1,0,0,0,0,2014-06-18 18:01:07
1,1,0,0,0,0,2014-06-18 18:01:47
1,1,0,0,0,0,2014-06-18 18:02:26
1,1,0,0,0,0,2014-06-18 18:03:06
1,1,0,0,0,0,2014-06-18 18:03:47
1,1,0,0,0,0,2014-06-18 18:04:26
1,1,0,0,0,0,2014-06-18 18:05:06
1,1,0,0,0,0,2014-06-18 18:05:47
1,1,0,0,0,0,2014-06-18 18:06:27
1,1,0,0,0,0,2014-06-18 18:07:06
1,1,0,0,0,0,2014-06-18 18:07:47
1,1,0,0,0,0,2014-06-18 18:08:27
1,1,0,0,0,0,2014-06-18 18:09:07
1,1,0,0,0,0,2014-06-18 18:09:47
1,1,0,0,0,0,2014-06-18 18:10:27
1,1,0,0,0,0,2014-06-18 18:11:08
1,1,0,0,0,0,2014-06-18 18:11:46
1,1,0,0,0,0,2014-06-18 18:12:26
1,1,0,0,0,0,2014-06-18 18:13:07
1,1,0,0,0,0,2014-06-18 18:13:46
1,1,0,0,0,0,2014-06-18 18:14:26
1,1,0,0,0,0,2014-06-18 18:15:07
1,1,0,0,0,0,2014-06-18 18:15:47
1,1,0,0,0,0,2014-06-18 18:16:26
1,1,0,0,0,0,2014-06-18 18:17:06
1,1,0,0,0,0,2014-06-18 18:17:47
1,1,0,0,0,0,2014-06-18 18:18:27
1,1,0,0,0,0,2014-06-18 18:19:06
1,1,0,0,0,0,2014-06-18 18:19:46
1,1,0,0,0,0,2014-06-18 18:20:27
1,1,0,0,0,0,2014-06-18 18:21:07
1,1,0,0,0,0,2014-06-18 18:21:46
1,1,0,0,0,0,2014-06-18 18:22:27
1,1,0,0,0,0,2014-06-18 18:23:07
1,1,0,0,0,0,2014-06-18 18:23:47
1,1,0,0,0,0,2014-06-18 18:24:27
1,1,0,0,0,0,2014-06-18 18:25:06
1,1,0,0,0,0,2014-06-18 18:25:47
1,1,0,0,0,0,2014-06-18 18:26:26
1,1,0,0,0,0,2014-06-18 18:27:06
1,1,0,0,0,0,2014-06-18 18:27:47
1,1,0,0,0,0,2014-06-18 18:28:27
1,1,0,0,0,0,2014-06-18 18:29:06
1,1,0,0,0,0,2014-06-18 18:29:47
1,1,0,0,0,0,2014-06-18 18:30:27
1,1,0,0,0,0,2014-06-18 18:31:06
1,1,0,0,0,0,2014-06-18 18:31:47
1,1,0,0,0,0,2014-06-18 18:32:26
1,1,0,0,0,0,2014-06-18 18:33:07
1,1,0,0,0,0,2014-06-18 18:33:47
1,1,0,0,0,0,2014-06-18 18:34:26
1,1,0,0,0,0,2014-06-18 18:35:06
1,1,0,0,0,0,2014-06-18 18:35:47
1,1,0,0,0,0,2014-06-18 18:36:27
1,1,0,0,0,0,2014-06-18 18:37:06
1,1,0,0,0,0,2014-06-18 18:37:46
1,1,0,0,0,0,2014-06-18 18:38:26
1,1,0,0,0,0,2014-06-18 18:39:06
1,1,0,0,0,0,2014-06-18 18:39:46
1,1,0,0,0,0,2014-06-18 18:40:26
1,1,0,0,0,0,2014-06-18 18:41:07
1,1,0,0,0,0,2014-06-18 18:41:46
1,1,0,0,0,0,2014-06-18 18:42:27
1,1,0,0,0,0,2014-06-18 18:43:07
1,1,0,0,0,0,2014-06-18 18:43:47
1,1,0,0,0,0,2014-06-18 18:44:26
1,1,0,0,0,0,2014-06-18 18:45:07
1,1,0,0,0,0,2014-06-18 18:45:47
1,1,0,0,0,0,2014-06-18 18:46:26
1,1,0,0,0,0,2014-06-18 18:47:06
1,1,0,0,0,0,2014-06-18 18:47:47
1,1,0,0,0,0,2014-06-18 18:48:27
1,1,0,0,0,0,2014-06-18 18:49:06
1,1,0,0,0,0,2014-06-18 18:49:47
1,1,0,0,0,0,2014-06-18 18:50:26
1,1,0,0,0,0,2014-06-18 18:51:07
1,1,0,0,0,0,2014-06-18 18:51:47
1,1,0,0,0,0,2014-06-18 18:52:26
1,1,0,0,0,0,2014-06-18 18:53:07
1,1,0,0,0,0,2014-06-18 18:53:47
1,1,0,0,0,0,2014-06-18 18:54:27
1,1,0,0,0,0,2014-06-18 18:55:08
1,1,0,0,0,0,2014-06-18 18:55:46
1,1,0,0,0,0,2014-06-18 18:56:26
1,1,0,0,0,0,2014-06-18 18:57:06
1,1,0,0,0,0,2014-06-18 18:57:46
1,1,0,0,0,0,2014-06-18 18:58:26
1,1,0,0,0,0,2014-06-18 18:59:07
1,1,0,0,0,0,2014-06-18 18:59:46
1,1,0,0,0,0,2014-06-18 19:00:26
1,1,0,0,0,0,2014-06-18 19:01:07
1,1,0,0,0,0,2014-06-18 19:01:47
1,1,0,0,0,0,2014-06-18 19:02:27
1,1,0,0,0,0,2014-06-18 19:03:06
1,1,0,0,0,0,2014-06-18 19:03:46
1,1,0,0,0,0,2014-06-18 19:04:27
1,1,0,0,0,0,2014-06-18 19:05:07
1,1,0,0,0,0,2014-06-18 19:05:47
1,1,0,0,0,0,2014-06-18 19:06:27
1,1,0,0,0,0,2014-06-18 19:07:07
1,1,0,0,0,0,2014-06-18 19:07:47
1,1,0,0,0,0,2014-06-18 19:08:27
1,1,0,0,0,0,2014-06-18 19:09:06
1,1,0,0,0,0,2014-06-18 19:09:46
1,1,0,0,0,0,2014-06-18 19:10:27
1,1,0,0,0,0,2014-06-18 19:11:06
1,1,0,0,0,0,2014-06-18 19:11:46
1,1,0,0,0,0,2014-06-18 19:12:26
1,1,0,0,0,0,2014-06-18 19:13:07
1,1,0,0,0,0,2014-06-18 19:13:46
1,1,0,0,0,0,2014-06-18 19:14:27
1,1,0,0,0,0,2014-06-18 19:15:07
1,1,0,0,0,0,2014-06-18 19:15:46
1,1,0,0,0,0,2014-06-18 19:16:27
1,1,0,0,0,0,2014-06-18 19:17:06
1,1,0,0,0,0,2014-06-18 19:17:46
1,1,0,0,0,0,2014-06-18 19:18:27
1,1,0,0,0,0,2014-06-18 19:19:07
1,1,0,0,0,0,2014-06-18 19:19:47
1,1,0,0,0,0,2014-06-18 19:20:27
1,1,0,0,0,0,2014-06-18 19:21:07
1,1,0,0,0,0,2014-06-18 19:21:46
1,1,0,0,0,0,2014-06-18 19:22:27
1,1,0,0,0,0,2014-06-18 19:23:06
1,1,0,0,0,0,2014-06-18 19:23:47
1,1,0,0,0,0,2014-06-18 19:24:26
1,1,0,0,0,0,2014-06-18 19:25:07
1,1,0,0,0,0,2014-06-18 19:25:46
1,1,0,0,0,0,2014-06-18 19:26:26
1,1,0,0,0,0,2014-06-18 19:27:07
1,1,0,0,0,0,2014-06-18 19:27:47
1,1,0,0,0,0,2014-06-18 19:28:27
1,1,0,0,0,0,2014-06-18 19:29:06
1,1,0,0,0,0,2014-06-18 19:29:46
1,1,0,0,0,0,2014-06-18 19:30:27
1,1,0,0,0,0,2014-06-18 19:31:06
1,1,0,0,0,0,2014-06-18 19:31:46
1,1,0,0,0,0,2014-06-18 19:32:27
1,1,0,0,0,0,2014-06-18 19:33:07
1,1,0,0,0,0,2014-06-18 19:33:47
1,1,0,0,0,0,2014-06-18 19:34:27
1,1,0,0,0,0,2014-06-18 19:35:07
1,1,0,0,0,0,2014-06-18 19:35:52
1,1,0,0,0,0,2014-06-18 19:36:28
1,1,0,0,0,0,2014-06-18 19:37:08
1,1,0,0,0,0,2014-06-18 19:37:49
1,1,0,0,0,0,2014-06-18 19:38:52
1,1,0,0,0,0,2014-06-18 19:39:08
1,1,0,0,0,0,2014-06-18 19:39:54
1,1,0,0,0,0,2014-06-18 19:40:32
1,1,0,0,0,0,2014-06-18 19:41:10
1,1,0,0,0,0,2014-06-18 19:41:49
1,1,0,0,0,0,2014-06-18 19:42:32
1,1,0,0,0,0,2014-06-18 19:43:06
1,1,0,0,0,0,2014-06-18 19:43:52
1,1,0,0,0,0,2014-06-18 19:44:27
1,1,0,0,0,0,2014-06-18 19:45:07
1,1,0,0,0,0,2014-06-18 19:45:47
1,1,0,0,0,0,2014-06-18 19:46:41
1,1,0,0,0,0,2014-06-18 19:47:07
1,1,0,0,0,0,2014-06-18 19:47:47
1,1,0,0,0,0,2014-06-18 19:48:29
1,1,0,0,0,0,2014-06-18 19:49:09
1,1,0,0,0,0,2014-06-18 19:49:49
1,1,0,0,0,0,2014-06-18 19:50:30
1,1,0,0,0,0,2014-06-18 19:51:07
1,1,0,0,0,0,2014-06-18 19:51:47
1,1,0,0,0,0,2014-06-18 19:52:30
1,1,0,0,0,0,2014-06-18 19:53:09
1,1,0,0,0,0,2014-06-18 19:53:50
1,1,0,0,0,0,2014-06-18 19:54:27
1,1,0,0,0,0,2014-06-18 19:55:07
1,1,0,0,0,0,2014-06-18 19:55:46
1,1,0,0,0,0,2014-06-18 19:56:27
1,1,0,0,0,0,2014-06-18 19:57:07
1,1,0,0,0,0,2014-06-18 19:57:47
1,1,0,0,0,0,2014-06-18 19:58:28
1,1,0,0,0,0,2014-06-18 19:59:11
1,1,0,0,0,0,2014-06-18 19:59:47
1,1,0,0,0,0,2014-06-18 20:00:27
1,1,0,0,0,0,2014-06-18 20:01:07
1,1,0,0,0,0,2014-06-18 20:01:47
1,1,0,0,0,0,2014-06-18 20:02:27
1,1,0,0,0,0,2014-06-18 20:03:07
1,1,0,0,0,0,2014-06-18 20:03:47
1,1,0,0,0,0,2014-06-18 20:04:27
1,1,0,0,0,0,2014-06-18 20:05:07
1,1,0,0,0,0,2014-06-18 20:05:50
1,1,0,0,0,0,2014-06-18 20:06:28
1,1,0,0,0,0,2014-06-18 20:07:11
1,1,0,0,0,0,2014-06-18 20:07:47
1,1,0,0,0,0,2014-06-18 20:08:27
1,1,0,0,0,0,2014-06-18 20:09:09
1,1,0,0,0,0,2014-06-18 20:09:48
1,1,0,0,0,0,2014-06-18 20:10:31
1,1,0,0,0,0,2014-06-18 20:11:07
1,1,0,0,0,0,2014-06-18 20:11:49
1,1,0,0,0,0,2014-06-18 20:12:26
1,1,0,0,0,0,2014-06-18 20:13:08
1,1,0,0,0,0,2014-06-18 20:13:47
1,1,0,0,0,0,2014-06-18 20:14:27
1,1,0,0,0,0,2014-06-18 20:15:06
1,1,0,0,0,0,2014-06-18 20:15:47
1,1,0,0,0,0,2014-06-18 20:16:43
1,1,0,0,0,0,2014-06-18 20:17:07
1,1,0,0,0,0,2014-06-18 20:17:46
1,1,0,0,0,0,2014-06-18 20:18:27
1,1,0,0,0,0,2014-06-18 20:19:07
1,1,0,0,0,0,2014-06-18 20:19:47
1,1,0,0,0,0,2014-06-18 20:20:27
1,1,0,0,0,0,2014-06-18 20:21:12
1,1,0,0,0,0,2014-06-18 20:21:48
1,1,0,0,0,0,2014-06-18 20:22:28
1,1,0,0,0,0,2014-06-18 20:23:10
1,1,0,0,0,0,2014-06-18 20:23:49
1,1,0,0,0,0,2014-06-18 20:24:28
1,1,0,0,0,0,2014-06-18 20:25:10
1,1,0,0,0,0,2014-06-18 20:25:48
1,1,0,0,0,0,2014-06-18 20:26:29
1,1,0,0,0,0,2014-06-18 20:27:10
1,1,0,0,0,0,2014-06-18 20:27:47
1,1,0,0,0,0,2014-06-18 20:28:27
1,1,0,0,0,0,2014-06-18 20:29:06
1,1,0,0,0,0,2014-06-19 13:06:52
1,1,0,0,0,0,2014-06-19 13:07:32
1,1,0,0,0,0,2014-06-19 13:08:13
1,1,0,0,0,0,2014-06-19 13:08:52
1,1,0,0,0,0,2014-06-19 13:09:32
1,1,0,0,0,0,2014-06-19 13:10:12
1,1,0,0,0,0,2014-06-19 13:10:52
1,1,0,0,0,0,2014-06-19 13:11:32
1,1,0,0,0,0,2014-06-19 13:12:12
1,1,0,0,0,0,2014-06-19 13:12:52
1,1,0,0,0,0,2014-06-19 13:13:32
1,1,0,0,0,0,2014-06-19 13:14:12
1,1,0,0,0,0,2014-06-19 13:14:52
1,1,0,0,0,0,2014-06-19 13:15:32
1,1,0,0,0,0,2014-06-19 13:16:13
1,1,0,0,0,0,2014-06-19 13:16:52
1,1,0,0,0,0,2014-06-19 13:17:32
1,1,0,0,0,0,2014-06-19 13:18:12
1,1,0,0,0,0,2014-06-19 13:18:52
1,1,0,0,0,0,2014-06-19 13:19:32
1,1,0,0,0,0,2014-06-19 13:20:12
1,1,0,0,0,0,2014-06-19 13:20:52
1,1,0,0,0,0,2014-06-19 13:21:32
1,1,0,0,0,0,2014-06-19 13:22:12
1,1,0,0,0,0,2014-06-19 13:22:52
1,1,0,0,0,0,2014-06-19 13:23:32
1,1,0,0,0,0,2014-06-19 13:24:12
1,1,0,0,0,0,2014-06-19 13:24:52
1,1,0,0,0,0,2014-06-19 13:25:33
1,1,0,0,0,0,2014-06-19 13:26:12
1,1,0,0,0,0,2014-06-19 13:26:52
1,1,0,0,0,0,2014-06-19 13:27:34
1,1,0,0,0,0,2014-06-19 13:28:12
1,1,0,0,0,0,2014-06-19 13:28:52
1,1,0,0,0,0,2014-06-19 13:29:32
1,1,0,0,0,0,2014-06-19 13:30:12
1,1,0,0,0,0,2014-06-19 13:30:52
1,1,0,0,0,0,2014-06-19 13:31:32
1,1,0,0,0,0,2014-06-19 13:32:12
1,1,0,0,0,0,2014-06-19 13:32:53
1,1,0,0,0,0,2014-06-19 13:33:33
1,1,0,0,0,0,2014-06-19 13:34:13
1,1,0,0,0,0,2014-06-19 13:34:53
1,1,0,0,0,0,2014-06-19 13:35:33
1,1,0,0,0,0,2014-06-19 13:36:13
1,1,0,0,0,0,2014-06-19 13:36:52
1,1,0,0,0,0,2014-06-19 13:37:33
1,1,0,0,0,0,2014-06-19 13:38:12
1,1,0,0,0,0,2014-06-19 13:38:52
1,1,0,0,0,0,2014-06-19 13:39:32
1,1,0,0,0,0,2014-06-19 13:40:13
1,1,0,0,0,0,2014-06-19 13:40:53
1,1,0,0,0,0,2014-06-19 13:41:32
1,1,0,0,0,0,2014-06-19 13:42:12
1,1,0,0,0,0,2014-06-19 13:42:52
1,1,0,0,0,0,2014-06-19 13:43:33
1,1,0,0,0,0,2014-06-19 13:44:14
1,1,0,0,0,0,2014-06-19 13:44:53
1,1,0,0,0,0,2014-06-19 13:45:33
1,1,0,0,0,0,2014-06-19 13:46:12
1,1,0,0,0,0,2014-06-19 13:46:53
1,1,0,0,0,0,2014-06-19 13:47:32
1,1,0,0,0,0,2014-06-19 13:48:13
1,1,0,0,0,0,2014-06-19 13:48:53
1,1,0,0,0,0,2014-06-19 13:49:33
1,1,0,0,0,0,2014-06-19 13:50:13
1,1,0,0,0,0,2014-06-19 13:50:53
1,1,0,0,0,0,2014-06-19 13:51:32
1,1,0,0,0,0,2014-06-19 13:52:12
1,1,0,0,0,0,2014-06-19 13:52:52
1,1,0,0,0,0,2014-06-19 13:53:32
1,1,0,0,0,0,2014-06-19 13:54:12
1,1,0,0,0,0,2014-06-19 13:54:52
1,1,0,0,0,0,2014-06-19 13:55:33
1,1,0,0,0,0,2014-06-19 13:56:12
1,1,0,0,0,0,2014-06-19 13:56:53
1,1,0,0,0,0,2014-06-19 13:57:34
1,1,0,0,0,0,2014-06-19 13:58:12
1,1,0,0,0,0,2014-06-19 13:58:52
1,1,0,0,0,0,2014-06-19 13:59:32
1,1,0,0,0,0,2014-06-19 14:00:15
1,1,0,0,0,0,2014-06-19 14:00:53
1,1,0,0,0,0,2014-06-19 14:01:32
1,1,0,0,0,0,2014-06-19 14:02:13
1,1,0,0,0,0,2014-06-19 14:02:53
1,1,0,0,0,0,2014-06-19 14:03:32
1,1,0,0,0,0,2014-06-19 14:04:12
1,1,0,0,0,0,2014-06-19 14:04:53
1,1,0,0,0,0,2014-06-19 14:05:34
1,1,0,0,0,0,2014-06-19 14:06:13
1,1,0,0,0,0,2014-06-19 14:06:55
1,1,0,0,0,0,2014-06-19 14:07:32
1,1,0,0,0,0,2014-06-19 14:08:12
1,1,0,0,0,0,2014-06-19 14:08:52
1,1,0,0,0,0,2014-06-19 14:09:32
1,1,0,0,0,0,2014-06-19 14:10:12
1,1,0,0,0,0,2014-06-19 14:10:53
1,1,0,0,0,0,2014-06-19 14:11:32
1,1,0,0,0,0,2014-06-19 14:12:13
1,1,0,0,0,0,2014-06-19 14:12:58
1,1,0,0,0,0,2014-06-19 14:13:33
1,1,0,0,0,0,2014-06-19 14:14:13
1,1,0,0,0,0,2014-06-19 14:14:52
1,1,0,0,0,0,2014-06-19 14:15:33
1,1,0,0,0,0,2014-06-19 14:16:13
1,1,0,0,0,0,2014-06-19 14:16:53
1,1,0,0,0,0,2014-06-19 14:17:32
1,1,0,0,0,0,2014-06-19 14:18:13
1,1,0,0,0,0,2014-06-19 14:18:52
1,1,0,0,0,0,2014-06-19 14:19:32
1,1,0,0,0,0,2014-06-19 14:20:13
1,1,0,0,0,0,2014-06-19 14:20:52
1,1,0,0,0,0,2014-06-19 14:21:32
1,1,0,0,0,0,2014-06-19 14:22:12
1,1,0,0,0,0,2014-06-19 14:22:52
1,1,0,0,0,0,2014-06-19 14:23:32
1,1,0,0,0,0,2014-06-19 14:24:12
1,1,0,0,0,0,2014-06-19 14:24:52
1,1,0,0,0,0,2014-06-19 14:25:32
1,1,0,0,0,0,2014-06-19 14:26:12
1,1,0,0,0,0,2014-06-19 14:26:52
1,1,0,0,0,0,2014-06-19 14:27:32
1,1,0,0,0,0,2014-06-19 14:28:12
1,1,0,0,0,0,2014-06-19 14:28:52
1,1,0,0,0,0,2014-06-19 14:29:33
1,1,0,0,0,0,2014-06-19 14:30:12
1,1,0,0,0,0,2014-06-19 14:30:52
1,1,0,0,0,0,2014-06-19 14:31:32
1,1,0,0,0,0,2014-06-19 14:32:21
1,1,0,0,0,0,2014-06-19 14:33:02
1,1,0,0,0,0,2014-06-19 14:33:32
1,1,0,0,0,0,2014-06-19 14:34:13
1,1,0,0,0,0,2014-06-19 14:34:53
1,1,0,0,0,0,2014-06-19 14:35:33
1,1,0,0,0,0,2014-06-19 14:36:13
1,1,0,0,0,0,2014-06-19 14:36:52
1,1,0,0,0,0,2014-06-19 14:37:33
1,1,0,0,0,0,2014-06-19 14:38:12
1,1,0,0,0,0,2014-06-19 14:38:52
1,1,0,0,0,0,2014-06-19 14:39:35
1,1,0,0,0,0,2014-06-19 14:40:12
1,1,0,0,0,0,2014-06-19 14:40:52
1,1,0,0,0,0,2014-06-19 14:41:32
1,1,0,0,0,0,2014-06-19 14:42:13
1,1,0,0,0,0,2014-06-19 14:42:52
1,1,0,0,0,0,2014-06-19 14:43:32
1,1,0,0,0,0,2014-06-19 14:44:12
1,1,0,0,0,0,2014-06-19 14:44:52
1,1,0,0,0,0,2014-06-19 14:45:32
1,1,0,0,0,0,2014-06-19 14:46:12
1,1,0,0,0,0,2014-06-19 14:46:52
1,1,0,0,0,0,2014-06-19 14:47:32
1,1,0,0,0,0,2014-06-19 14:48:12
1,1,0,0,0,0,2014-06-19 14:48:52
1,1,0,0,0,0,2014-06-19 14:49:32
1,1,0,0,0,0,2014-06-19 14:50:13
1,1,0,0,0,0,2014-06-19 14:50:54
1,1,0,0,0,0,2014-06-19 14:51:32
1,1,0,0,0,0,2014-06-19 14:52:12
1,1,0,0,0,0,2014-06-19 14:52:52
1,1,0,0,0,0,2014-06-19 14:53:32
1,1,0,0,0,0,2014-06-19 14:54:12
1,1,0,0,0,0,2014-06-19 14:54:52
1,1,0,0,0,0,2014-06-19 14:55:32
1,1,0,0,0,0,2014-06-19 14:56:12
1,1,0,0,0,0,2014-06-19 14:56:52
1,1,0,0,0,0,2014-06-19 14:57:32
1,1,0,0,0,0,2014-06-19 14:58:18
1,1,0,0,0,0,2014-06-19 14:58:52
1,1,0,0,0,0,2014-06-19 14:59:32
1,1,0,0,0,0,2014-06-19 15:00:12
1,1,0,0,0,0,2014-06-19 15:00:53
1,1,0,0,0,0,2014-06-19 15:01:32
1,1,0,0,0,0,2014-06-19 15:02:14
1,1,0,0,0,0,2014-06-19 15:02:52
1,1,0,0,0,0,2014-06-19 15:03:32
1,1,0,0,0,0,2014-06-19 15:04:12
1,1,0,0,0,0,2014-06-19 15:04:52
1,1,0,0,0,0,2014-06-19 15:05:32
1,1,0,0,0,0,2014-06-19 15:06:12
1,1,0,0,0,0,2014-06-19 15:06:53
1,1,0,0,0,0,2014-06-19 15:07:32
1,1,0,0,0,0,2014-06-19 15:08:12
1,1,0,0,0,0,2014-06-19 15:08:53
1,1,0,0,0,0,2014-06-19 15:09:32
1,1,0,0,0,0,2014-06-19 15:10:12
1,1,0,0,0,0,2014-06-19 15:10:52
1,1,0,0,0,0,2014-06-19 15:11:33
1,1,0,0,0,0,2014-06-19 15:12:12
1,1,0,0,0,0,2014-06-19 15:12:52
1,1,0,0,0,0,2014-06-19 15:13:32
1,1,0,0,0,0,2014-06-19 15:14:12
1,1,0,0,0,0,2014-06-19 15:14:54
1,1,0,0,0,0,2014-06-19 15:15:32
1,1,0,0,0,0,2014-06-19 15:16:13
1,1,0,0,0,0,2014-06-19 15:16:52
1,1,0,0,0,0,2014-06-19 15:17:33
1,1,0,0,0,0,2014-06-19 15:18:13
1,1,0,0,0,0,2014-06-19 15:18:54
1,1,0,0,0,0,2014-06-19 15:19:32
1,1,0,0,0,0,2014-06-19 15:20:12
1,1,0,0,0,0,2014-06-19 15:20:52
1,1,0,0,0,0,2014-06-19 15:21:34
1,1,0,0,0,0,2014-06-19 15:22:12
1,1,0,0,0,0,2014-06-19 15:22:52
1,1,0,0,0,0,2014-06-19 15:23:32
1,1,0,0,0,0,2014-06-19 15:24:12
1,1,0,0,0,0,2014-06-19 15:24:52
1,1,0,0,0,0,2014-06-19 15:25:33
1,1,0,0,0,0,2014-06-19 15:26:14
1,1,0,0,0,0,2014-06-19 15:26:52
1,1,0,0,0,0,2014-06-19 15:27:33
1,1,0,0,0,0,2014-06-19 15:28:12
1,1,0,0,0,0,2014-06-19 15:28:53
1,1,0,0,0,0,2014-06-19 15:29:32
1,1,0,0,0,0,2014-06-19 15:30:12
1,1,0,0,0,0,2014-06-19 15:30:52
1,1,0,0,0,0,2014-06-19 15:31:32
1,1,0,0,0,0,2014-06-19 15:32:12
1,1,0,0,0,0,2014-06-19 15:32:52
1,1,0,0,0,0,2014-06-19 15:33:32
1,1,0,0,0,0,2014-06-19 15:34:12
1,1,0,0,0,0,2014-06-19 15:34:52
1,1,0,0,0,0,2014-06-19 15:35:32
1,1,0,0,0,0,2014-06-19 15:36:12
1,1,0,0,0,0,2014-06-19 15:36:52
1,1,0,0,0,0,2014-06-19 15:37:32
1,1,0,0,0,0,2014-06-19 15:38:12
1,1,0,0,0,0,2014-06-19 15:38:52
1,1,0,0,0,0,2014-06-19 15:39:32
1,1,0,0,0,0,2014-06-19 15:40:13
1,1,0,0,0,0,2014-06-19 15:40:52
1,1,0,0,0,0,2014-06-19 15:41:32
1,1,0,0,0,0,2014-06-19 15:42:12
1,1,0,0,0,0,2014-06-19 15:42:52
1,1,0,0,0,0,2014-06-19 15:43:32
1,1,0,0,0,0,2014-06-19 15:44:12
1,1,0,0,0,0,2014-06-19 15:44:52
1,1,0,0,0,0,2014-06-19 15:45:32
1,1,0,0,0,0,2014-06-19 15:46:12
1,1,0,0,0,0,2014-06-19 15:46:52
1,1,0,0,0,0,2014-06-19 15:47:32
1,1,0,0,0,0,2014-06-19 15:48:12
1,1,0,0,0,0,2014-06-19 15:48:52
1,1,0,0,0,0,2014-06-19 15:49:32
1,1,0,0,0,0,2014-06-19 15:50:12
1,1,0,0,0,0,2014-06-19 15:50:52
1,1,0,0,0,0,2014-06-19 15:51:32
1,1,0,0,0,0,2014-06-19 15:52:13
1,1,0,0,0,0,2014-06-19 15:52:52
1,1,0,0,0,0,2014-06-19 15:53:32
1,1,0,0,0,0,2014-06-19 15:54:12
1,1,0,0,0,0,2014-06-19 15:54:52
1,1,0,0,0,0,2014-06-19 15:55:32
1,1,0,0,0,0,2014-06-19 15:56:12
1,1,0,0,0,0,2014-06-19 15:56:52
1,1,0,0,0,0,2014-06-19 15:57:32
1,1,0,0,0,0,2014-06-19 15:58:12
1,1,0,0,0,0,2014-06-19 15:58:52
1,1,0,0,0,0,2014-06-19 15:59:32
1,1,0,0,0,0,2014-06-19 16:00:12
1,1,0,0,0,0,2014-06-19 16:00:52
1,1,0,0,0,0,2014-06-19 16:01:32
1,1,0,0,0,0,2014-06-19 16:02:12
1,1,0,0,0,0,2014-06-19 16:02:52
1,1,0,0,0,0,2014-06-19 16:03:32
1,1,0,0,0,0,2014-06-19 16:04:12
1,1,0,0,0,0,2014-06-19 16:04:52
1,1,0,0,0,0,2014-06-19 16:05:32
1,1,0,0,0,0,2014-06-19 16:06:12
1,1,0,0,0,0,2014-06-19 16:06:52
1,1,0,0,0,0,2014-06-19 16:07:32
1,1,0,0,0,0,2014-06-19 16:08:12
1,1,0,0,0,0,2014-06-19 16:08:52
1,1,0,0,0,0,2014-06-19 16:09:32
1,1,0,0,0,0,2014-06-19 16:10:12
1,1,0,0,0,0,2014-06-19 16:10:52
1,1,0,0,0,0,2014-06-19 16:11:32
1,1,0,0,0,0,2014-06-19 16:12:12
1,1,0,0,0,0,2014-06-19 16:12:55
1,1,0,0,0,0,2014-06-19 16:13:32
1,1,0,0,0,0,2014-06-19 16:14:12
1,1,0,0,0,0,2014-06-19 16:14:52
1,1,0,0,0,0,2014-06-19 16:15:32
1,1,0,0,0,0,2014-06-19 16:16:12
1,1,0,0,0,0,2014-06-19 16:16:52
1,1,0,0,0,0,2014-06-19 16:17:32
1,1,0,0,0,0,2014-06-19 16:18:12
1,1,0,0,0,0,2014-06-19 16:18:52
1,1,0,0,0,0,2014-06-19 16:19:32
1,1,0,0,0,0,2014-06-19 16:20:12
1,1,0,0,0,0,2014-06-19 16:20:52
1,1,0,0,0,0,2014-06-19 16:21:32
1,1,0,0,0,0,2014-06-19 16:22:13
1,1,0,0,0,0,2014-06-19 16:22:52
1,1,0,0,0,0,2014-06-19 16:23:32
1,1,0,0,0,0,2014-06-19 16:24:14
1,1,0,0,0,0,2014-06-19 16:24:52
1,1,0,0,0,0,2014-06-19 16:25:32
1,1,0,0,0,0,2014-06-19 16:26:14
1,1,0,0,0,0,2014-06-19 16:26:52
1,1,0,0,0,0,2014-06-19 16:27:32
1,1,0,0,0,0,2014-06-19 16:28:12
1,1,0,0,0,0,2014-06-19 16:28:52
1,1,0,0,0,0,2014-06-19 16:29:32
1,1,0,0,0,0,2014-06-19 16:30:12
1,1,0,0,0,0,2014-06-19 16:30:52
1,1,0,0,0,0,2014-06-19 16:31:32
1,1,0,0,0,0,2014-06-19 16:32:12
1,1,0,0,0,0,2014-06-19 16:32:52
1,1,0,0,0,0,2014-06-19 16:33:34
1,1,0,0,0,0,2014-06-19 16:34:13
1,1,0,0,0,0,2014-06-19 16:34:56
1,1,0,0,0,0,2014-06-19 16:35:32
1,1,0,0,0,0,2014-06-19 16:36:12
1,1,0,0,0,0,2014-06-19 16:36:52
1,1,0,0,0,0,2014-06-19 16:37:32
1,1,0,0,0,0,2014-06-19 16:38:12
1,1,0,0,0,0,2014-06-19 16:38:52
1,1,0,0,0,0,2014-06-19 16:39:32
1,1,0,0,0,0,2014-06-19 16:40:12
1,1,0,0,0,0,2014-06-19 16:40:52
1,1,0,0,0,0,2014-06-19 16:41:32
1,1,0,0,0,0,2014-06-19 16:42:14
1,1,0,0,0,0,2014-06-19 16:42:54
1,1,0,0,0,0,2014-06-19 16:43:34
1,1,0,0,0,0,2014-06-19 16:44:12
1,1,0,0,0,0,2014-06-19 16:44:54
1,1,0,0,0,0,2014-06-19 16:45:33
1,1,0,0,0,0,2014-06-19 16:46:13
1,1,0,0,0,0,2014-06-19 16:46:53
1,1,0,0,0,0,2014-06-19 16:47:33
1,1,0,0,0,0,2014-06-19 16:48:12
1,1,0,0,0,0,2014-06-19 16:48:54
1,1,0,0,0,0,2014-06-19 16:49:32
1,1,0,0,0,0,2014-06-19 16:50:13
1,1,0,0,0,0,2014-06-19 16:50:52
1,1,0,0,0,0,2014-06-19 16:51:32
1,1,0,0,0,0,2014-06-19 16:52:12
1,1,0,0,0,0,2014-06-19 16:52:52
1,1,0,0,0,0,2014-06-19 16:53:32
1,1,0,0,0,0,2014-06-19 16:54:12
1,1,0,0,0,0,2014-06-19 16:54:52
1,1,0,0,0,0,2014-06-19 16:55:33
1,1,0,0,0,0,2014-06-19 16:56:12
1,1,0,0,0,0,2014-06-19 16:56:52
1,1,0,0,0,0,2014-06-19 16:57:32
1,1,0,0,0,0,2014-06-19 16:58:12
1,1,0,0,0,0,2014-06-19 16:58:52
1,1,0,0,0,0,2014-06-19 16:59:32
1,1,0,0,0,0,2014-06-19 17:00:12
1,1,0,0,0,0,2014-06-19 17:00:52
1,1,0,0,0,0,2014-06-19 17:01:32
1,1,0,0,0,0,2014-06-19 17:02:12
1,1,0,0,0,0,2014-06-19 17:02:52
1,1,0,0,0,0,2014-06-19 17:03:32
1,1,0,0,0,0,2014-06-19 17:04:12
1,1,0,0,0,0,2014-06-19 17:04:52
1,1,0,0,0,0,2014-06-19 17:05:32
1,1,0,0,0,0,2014-06-19 17:06:12
1,1,0,0,0,0,2014-06-19 17:06:52
1,1,0,0,0,0,2014-06-19 17:07:32
77.36,36.1,0,30,22,15,2014-07-09 16:16:19
86.18,38.7,0,671,484,251,2014-07-10 18:34:12
90.32,33.2,0,708,462,197,2014-07-10 18:49:31
92.66,30,0,623,481,167,2014-07-10 19:04:52
94.64,29.1,0,565,384,95,2014-07-10 19:20:11
98.42,27.7,0,539,321,91,2014-07-10 19:35:30
102.2,26.3,0,474,282,88,2014-07-10 19:51:33
104,24.8,0,478,225,91,2014-07-10 20:06:51
96.44,27.6,0,457,204,91,2014-07-10 20:22:10
93.92,28.8,0,440,199,92,2014-07-10 20:37:27
92.12,31.3,0,472,211,82,2014-07-10 20:52:47
88.52,36.9,0,478,212,85,2014-07-10 21:08:47
87.62,35.8,0,485,216,81,2014-07-10 21:24:05
87.62,36.4,0,528,242,88,2014-07-10 21:39:23
89.6,34,0,536,250,78,2014-07-10 21:54:40
92.84,31.3,0,604,242,77,2014-07-10 22:10:00
95,30,0,616,236,81,2014-07-10 22:26:01
97.16,29.2,0,603,240,67,2014-07-10 22:41:20
94.28,28.8,0,610,211,73,2014-07-10 22:56:37
89.6,32.8,0,617,255,76,2014-07-10 23:11:54
92.66,31.8,0,628,242,76,2014-07-10 23:27:11
92.84,29.9,0,621,267,77,2014-07-10 23:43:13
87.8,33,0,652,293,79,2014-07-10 23:58:31
87.8,33.4,0,647,270,69,2014-07-11 00:13:47
85.46,34.9,0,612,244,71,2014-07-11 00:29:04
83.84,36.6,0,603,264,68,2014-07-11 00:44:20
82.04,38.6,0,608,253,69,2014-07-11 01:00:19
80.78,41.2,0,605,267,74,2014-07-11 01:15:35
80.42,42.9,0,604,275,66,2014-07-11 01:30:50
80.78,44.3,0,600,260,62,2014-07-11 01:46:06
80.42,45.3,0,618,278,66,2014-07-11 02:01:21
79.7,47.2,0,629,274,70,2014-07-11 02:17:19
79.52,47.8,0,631,295,65,2014-07-11 02:32:35
79.34,48.1,0,653,350,71,2014-07-11 02:47:50
78.98,48.6,0,657,339,75,2014-07-11 03:03:05
78.08,49.2,0,668,353,74,2014-07-11 03:18:21
76.64,51.5,0,659,348,71,2014-07-11 03:34:19
75.92,53.9,0,672,367,79,2014-07-11 03:49:36
77,53.9,0,688,402,77,2014-07-11 04:04:51
77.54,54.8,0,678,422,80,2014-07-11 04:20:06
76.64,56.2,0,673,394,72,2014-07-11 04:35:20
75.2,59.3,0,684,409,85,2014-07-11 04:51:18
74.12,60.1,0,693,428,78,2014-07-11 05:06:34
73.76,58.3,0,683,431,83,2014-07-11 05:21:49
72.86,59.5,0,682,438,80,2014-07-11 05:37:04
71.78,61.8,0,656,420,64,2014-07-11 05:52:20
71.06,62.9,0,675,442,72,2014-07-11 06:08:21
70.52,62.8,0,670,433,71,2014-07-11 06:23:37
70.16,62,0,643,417,60,2014-07-11 06:38:52
69.62,62.2,0,646,400,60,2014-07-11 06:54:07
69.26,62.3,0,637,413,62,2014-07-11 07:09:22
68.36,61.9,0,642,407,62,2014-07-11 07:25:20
67.82,63.2,0,666,417,70,2014-07-11 07:40:36
67.46,63.7,0,662,417,59,2014-07-11 07:55:51
67.1,64.3,0,655,422,63,2014-07-11 08:11:06
66.92,65.4,0,654,382,60,2014-07-11 08:26:22
66.56,65.9,0,660,410,68,2014-07-11 08:42:22
66.56,65.5,0,660,404,63,2014-07-11 08:57:37
66.2,65.7,0,662,421,62,2014-07-11 09:12:52
66.02,65.2,0,646,382,55,2014-07-11 09:28:08
65.84,65.6,0,651,385,62,2014-07-11 09:43:24
65.66,66.2,0,647,382,58,2014-07-11 09:59:25
65.66,66.4,0,657,398,61,2014-07-11 10:14:41
66.2,67.4,0,648,387,60,2014-07-11 10:29:56
69.26,63.9,0,652,412,60,2014-07-11 10:45:13
73.4,58,0,654,418,69,2014-07-11 11:00:30
77.36,52.5,0,674,438,73,2014-07-11 11:16:34
81.5,46.7,0,655,418,67,2014-07-11 11:31:56
84.92,42.8,0,661,405,66,2014-07-11 11:47:14
88.52,38.4,0,656,431,59,2014-07-11 12:02:31
91.04,35.2,0,656,425,66,2014-07-11 12:17:48
93.74,33.8,0,647,423,60,2014-07-11 12:33:49
96.08,31.7,0,663,415,63,2014-07-11 12:49:06
96.62,30.8,0,669,431,60,2014-07-11 13:04:23
96.8,31.3,0,649,405,69,2014-07-11 13:19:42
97.52,30.4,0,663,436,63,2014-07-11 13:35:01
99.68,28,0,656,425,68,2014-07-11 13:51:04
101.3,26,0,660,420,59,2014-07-11 14:06:24
101.66,26,0,663,409,64,2014-07-11 14:21:43
102.56,26.1,0,655,412,71,2014-07-11 14:37:02
102.74,25.4,0,647,396,69,2014-07-11 14:52:20
101.66,26.2,0,636,381,65,2014-07-11 15:08:27
101.3,26.5,0,648,392,71,2014-07-11 15:23:46
100.76,25.1,0,649,393,68,2014-07-11 15:39:05
93.74,28.3,0,656,406,63,2014-07-11 15:54:24
92.48,29,0,648,400,65,2014-07-11 16:09:43
97.88,26.9,0,657,385,69,2014-07-11 16:25:45
98.06,27.5,0,643,404,69,2014-07-11 16:41:09
97.88,26.8,0,664,402,69,2014-07-11 16:56:28
99.32,26.6,0,647,407,64,2014-07-11 17:15:09
97.7,26.9,0,666,417,63,2014-07-11 17:30:29
95.72,29.3,0,652,400,68,2014-07-11 17:45:47
96.98,27.9,0,650,410,67,2014-07-11 18:01:06
98.42,26.8,0,659,409,68,2014-07-11 18:16:24
98.78,27.8,0,656,403,61,2014-07-11 18:32:24
99.32,27.9,0,652,405,62,2014-07-11 18:47:42
99.68,26.5,0,650,411,68,2014-07-11 19:03:00
97.7,27.7,0,662,402,66,2014-07-11 19:18:18
100.4,25.5,0,657,395,60,2014-07-11 19:33:35
100.58,25.8,0,648,397,63,2014-07-11 19:49:35
99.14,27.4,0,672,419,63,2014-07-11 20:04:54
99.14,27.5,0,687,439,72,2014-07-11 20:20:14
99.68,26.4,0,683,434,72,2014-07-11 20:35:33
96.62,27.6,0,674,410,65,2014-07-11 20:50:50
97.52,27.1,0,676,404,72,2014-07-11 21:06:53
98.6,27.2,0,672,433,71,2014-07-11 21:22:11
97.52,26.7,0,683,421,68,2014-07-11 21:37:29
96.8,27.5,0,673,428,69,2014-07-11 21:52:47
98.06,26.7,0,660,425,67,2014-07-11 22:08:04
96.08,28.4,0,688,416,62,2014-07-11 22:24:06
96.62,28.8,0,677,397,69,2014-07-11 22:39:26
95.54,28.6,0,678,422,67,2014-07-11 22:54:45
94.1,28.7,0,664,415,61,2014-07-11 23:10:01
89.06,32.7,0,666,412,62,2014-07-11 23:25:18
86.18,36.5,0,675,408,62,2014-07-11 23:41:17
85.1,37.1,0,675,423,62,2014-07-11 23:56:33
84.56,38.2,0,684,439,67,2014-07-12 00:11:49
83.66,38.7,0,694,456,71,2014-07-12 00:27:05
83.12,39.9,0,688,454,66,2014-07-12 00:42:21
82.4,41.1,0,672,415,65,2014-07-12 00:58:19
81.68,41.9,0,682,448,74,2014-07-12 01:13:35
81.14,43.5,0,688,432,59,2014-07-12 01:32:14
80.42,43.1,0,682,419,70,2014-07-12 01:47:30
80.06,44.1,0,688,439,74,2014-07-12 02:02:45
78.8,46.3,0,672,433,73,2014-07-12 02:18:01
78.08,47.7,0,682,412,74,2014-07-12 02:33:17
77.72,49.4,0,684,431,69,2014-07-12 02:49:15
77.54,49.9,0,677,405,58,2014-07-12 03:04:31
77.36,50.3,0,657,402,56,2014-07-12 03:19:46
76.28,51.7,0,668,427,69,2014-07-12 03:35:03
75.02,53.6,0,688,425,72,2014-07-12 03:50:19
74.12,54.5,0,678,416,65,2014-07-12 04:06:16
73.4,56.7,0,683,418,74,2014-07-12 04:21:31
73.22,57.9,0,676,414,58,2014-07-12 04:36:47
72.68,58.5,0,669,383,64,2014-07-12 04:52:03
72.5,59.6,0,670,373,67,2014-07-12 05:07:19
72.86,61.4,0,668,384,67,2014-07-12 05:23:22
73.76,60.3,0,674,426,64,2014-07-12 05:38:37
74.48,59.6,0,668,403,67,2014-07-12 05:53:52
74.66,59.4,0,653,397,57,2014-07-12 06:09:07
74.3,59.6,0,675,377,59,2014-07-12 06:24:22
74.3,60.2,0,659,376,59,2014-07-12 06:40:19
